periode_data;bulan;wilayah;kecamatan;kelurahan;frekuensi
2024;10;KOTA ADM. JAKARTA PUSAT;MENTENG;GONDANGDIA;1
2024;1;KOTA ADM. JAKARTA PUSAT;MENTENG;KEBON SIRIH;1
2024;7;KOTA ADM. JAKARTA PUSAT;MENTENG;KEBON SIRIH;2
2024;11;KOTA ADM. JAKARTA PUSAT;MENTENG;KEBON SIRIH;1
2024;1;KOTA ADM. JAKARTA PUSAT;MENTENG;MENTENG;2
2024;5;KOTA ADM. JAKARTA PUSAT;MENTENG;MENTENG;1
2024;7;KOTA ADM. JAKARTA PUSAT;MENTENG;MENTENG;1
2024;9;KOTA ADM. JAKARTA PUSAT;MENTENG;MENTENG;2
2024;10;KOTA ADM. JAKARTA PUSAT;MENTENG;MENTENG;2
2024;11;KOTA ADM. JAKARTA PUSAT;MENTENG;MENTENG;1
2024;12;KOTA ADM. JAKARTA PUSAT;MENTENG;MENTENG;1
2024;4;KOTA ADM. JAKARTA PUSAT;MENTENG;PEGANGSAAN;1
2024;5;KOTA ADM. JAKARTA PUSAT;MENTENG;PEGANGSAAN;1
2024;6;KOTA ADM. JAKARTA PUSAT;MENTENG;PEGANGSAAN;2
2024;8;KOTA ADM. JAKARTA PUSAT;MENTENG;PEGANGSAAN;1
2024;9;KOTA ADM. JAKARTA PUSAT;MENTENG;PEGANGSAAN;4
2024;10;KOTA ADM. JAKARTA PUSAT;MENTENG;PEGANGSAAN;1
2024;12;KOTA ADM. JAKARTA PUSAT;MENTENG;PEGANGSAAN;1
2024;3;KOTA ADM. JAKARTA PUSAT;SAWAH BESAR;GUNUNG SAHARI UTARA;1
2024;6;KOTA ADM. JAKARTA PUSAT;SAWAH BESAR;GUNUNG SAHARI UTARA;1
2024;9;KOTA ADM. JAKARTA PUSAT;SAWAH BESAR;GUNUNG SAHARI UTARA;1
2024;5;KOTA ADM. JAKARTA PUSAT;SAWAH BESAR;KARANG ANYAR;1
2024;10;KOTA ADM. JAKARTA PUSAT;SAWAH BESAR;KARANG ANYAR;1
2024;3;KOTA ADM. JAKARTA PUSAT;SAWAH BESAR;KARTINI;2
2024;4;KOTA ADM. JAKARTA PUSAT;SAWAH BESAR;KARTINI;1
2024;5;KOTA ADM. JAKARTA PUSAT;SAWAH BESAR;KARTINI;1
2024;6;KOTA ADM. JAKARTA PUSAT;SAWAH BESAR;KARTINI;1
2024;10;KOTA ADM. JAKARTA PUSAT;SAWAH BESAR;KARTINI;1
2024;2;KOTA ADM. JAKARTA PUSAT;SAWAH BESAR;MANGGA DUA SELATAN;1
2024;5;KOTA ADM. JAKARTA PUSAT;SAWAH BESAR;MANGGA DUA SELATAN;2
2024;8;KOTA ADM. JAKARTA PUSAT;SAWAH BESAR;MANGGA DUA SELATAN;1
2024;12;KOTA ADM. JAKARTA PUSAT;SAWAH BESAR;MANGGA DUA SELATAN;1
2024;1;KOTA ADM. JAKARTA PUSAT;SAWAH BESAR;PASAR BARU;1
2024;2;KOTA ADM. JAKARTA PUSAT;SAWAH BESAR;PASAR BARU;1
2024;3;KOTA ADM. JAKARTA PUSAT;SAWAH BESAR;PASAR BARU;3
2024;4;KOTA ADM. JAKARTA PUSAT;SAWAH BESAR;PASAR BARU;1
2024;6;KOTA ADM. JAKARTA PUSAT;SAWAH BESAR;PASAR BARU;1
2024;7;KOTA ADM. JAKARTA PUSAT;SAWAH BESAR;PASAR BARU;1
2024;9;KOTA ADM. JAKARTA PUSAT;SAWAH BESAR;PASAR BARU;2
2024;10;KOTA ADM. JAKARTA PUSAT;SAWAH BESAR;PASAR BARU;1
2024;12;KOTA ADM. JAKARTA PUSAT;SAWAH BESAR;PASAR BARU;1
2024;4;KOTA ADM. JAKARTA PUSAT;SENEN;BUNGUR;1
2024;5;KOTA ADM. JAKARTA PUSAT;SENEN;BUNGUR;1
2024;12;KOTA ADM. JAKARTA PUSAT;SENEN;BUNGUR;1
2024;10;KOTA ADM. JAKARTA PUSAT;SENEN;KENARI;1
2024;12;KOTA ADM. JAKARTA PUSAT;SENEN;KENARI;1
2024;3;KOTA ADM. JAKARTA PUSAT;SENEN;KRAMAT;1
2024;2;KOTA ADM. JAKARTA PUSAT;SENEN;KWITANG;1
2024;4;KOTA ADM. JAKARTA PUSAT;SENEN;KWITANG;1
2024;11;KOTA ADM. JAKARTA PUSAT;SENEN;KWITANG;1
2024;4;KOTA ADM. JAKARTA PUSAT;SENEN;PASEBAN;1
2024;5;KOTA ADM. JAKARTA PUSAT;SENEN;PASEBAN;1
2024;8;KOTA ADM. JAKARTA PUSAT;SENEN;PASEBAN;2
2024;6;KOTA ADM. JAKARTA PUSAT;SENEN;SENEN;2
2024;7;KOTA ADM. JAKARTA PUSAT;SENEN;SENEN;1
2024;1;KOTA ADM. JAKARTA PUSAT;TANAH ABANG;BENDUNGAN HILIR;1
2024;2;KOTA ADM. JAKARTA PUSAT;TANAH ABANG;BENDUNGAN HILIR;1
2024;5;KOTA ADM. JAKARTA PUSAT;TANAH ABANG;BENDUNGAN HILIR;1
2024;8;KOTA ADM. JAKARTA PUSAT;TANAH ABANG;BENDUNGAN HILIR;1
2024;9;KOTA ADM. JAKARTA PUSAT;TANAH ABANG;BENDUNGAN HILIR;1
2024;10;KOTA ADM. JAKARTA PUSAT;TANAH ABANG;BENDUNGAN HILIR;2
2024;12;KOTA ADM. JAKARTA PUSAT;TANAH ABANG;BENDUNGAN HILIR;1
2024;1;KOTA ADM. JAKARTA PUSAT;TANAH ABANG;GELORA;1
2024;3;KOTA ADM. JAKARTA PUSAT;TANAH ABANG;GELORA;1
2024;7;KOTA ADM. JAKARTA PUSAT;TANAH ABANG;GELORA;1
2024;8;KOTA ADM. JAKARTA PUSAT;TANAH ABANG;GELORA;1
2024;9;KOTA ADM. JAKARTA PUSAT;TANAH ABANG;GELORA;1
2024;1;KOTA ADM. JAKARTA PUSAT;TANAH ABANG;KAMPUNG BALI;1
2024;6;KOTA ADM. JAKARTA PUSAT;TANAH ABANG;KAMPUNG BALI;1
2024;9;KOTA ADM. JAKARTA PUSAT;TANAH ABANG;KAMPUNG BALI;1
2024;12;KOTA ADM. JAKARTA PUSAT;TANAH ABANG;KAMPUNG BALI;1
2024;1;KOTA ADM. JAKARTA PUSAT;TANAH ABANG;KARET TENGSIN;1
2024;2;KOTA ADM. JAKARTA PUSAT;TANAH ABANG;KARET TENGSIN;1
2024;4;KOTA ADM. JAKARTA PUSAT;TANAH ABANG;KARET TENGSIN;2
2024;8;KOTA ADM. JAKARTA PUSAT;TANAH ABANG;KARET TENGSIN;1
2024;2;KOTA ADM. JAKARTA PUSAT;TANAH ABANG;KEBON KACANG;2
2024;4;KOTA ADM. JAKARTA PUSAT;TANAH ABANG;KEBON KACANG;2
2024;5;KOTA ADM. JAKARTA PUSAT;TANAH ABANG;KEBON KACANG;1
2024;7;KOTA ADM. JAKARTA PUSAT;TANAH ABANG;KEBON KACANG;1
2024;11;KOTA ADM. JAKARTA PUSAT;TANAH ABANG;KEBON KACANG;1
2024;2;KOTA ADM. JAKARTA PUSAT;TANAH ABANG;KEBON MELATI;1
2024;4;KOTA ADM. JAKARTA PUSAT;TANAH ABANG;KEBON MELATI;1
2024;5;KOTA ADM. JAKARTA PUSAT;TANAH ABANG;KEBON MELATI;1
2024;8;KOTA ADM. JAKARTA PUSAT;TANAH ABANG;KEBON MELATI;1
2024;11;KOTA ADM. JAKARTA PUSAT;TANAH ABANG;KEBON MELATI;1
2024;12;KOTA ADM. JAKARTA PUSAT;TANAH ABANG;KEBON MELATI;1
2024;1;KOTA ADM. JAKARTA PUSAT;TANAH ABANG;PETAMBURAN;2
2024;3;KOTA ADM. JAKARTA PUSAT;TANAH ABANG;PETAMBURAN;2
2024;5;KOTA ADM. JAKARTA PUSAT;TANAH ABANG;PETAMBURAN;1
2024;6;KOTA ADM. JAKARTA PUSAT;TANAH ABANG;PETAMBURAN;1
2024;7;KOTA ADM. JAKARTA PUSAT;TANAH ABANG;PETAMBURAN;1
2024;11;KOTA ADM. JAKARTA PUSAT;TANAH ABANG;PETAMBURAN;2
2024;12;KOTA ADM. JAKARTA PUSAT;TANAH ABANG;PETAMBURAN;1
2024;4;KOTA ADM. JAKARTA UTARA;CILINCING;CILINCING;1
2024;5;KOTA ADM. JAKARTA UTARA;CILINCING;CILINCING;2
2024;6;KOTA ADM. JAKARTA UTARA;CILINCING;CILINCING;1
2024;7;KOTA ADM. JAKARTA UTARA;CILINCING;CILINCING;1
2024;8;KOTA ADM. JAKARTA UTARA;CILINCING;CILINCING;1
2024;11;KOTA ADM. JAKARTA UTARA;CILINCING;CILINCING;1
2024;5;KOTA ADM. JAKARTA UTARA;CILINCING;KALIBARU;4
2024;1;KOTA ADM. JAKARTA UTARA;CILINCING;MARUNDA;1
2024;6;KOTA ADM. JAKARTA UTARA;CILINCING;MARUNDA;1
2024;8;KOTA ADM. JAKARTA UTARA;CILINCING;MARUNDA;1
2024;9;KOTA ADM. JAKARTA UTARA;CILINCING;MARUNDA;1
2024;10;KOTA ADM. JAKARTA UTARA;CILINCING;MARUNDA;3
2024;11;KOTA ADM. JAKARTA UTARA;CILINCING;MARUNDA;1
2024;10;KOTA ADM. JAKARTA PUSAT;SENEN;SENEN;2
2024;11;KOTA ADM. JAKARTA PUSAT;SENEN;SENEN;1
2024;4;KOTA ADM. JAKARTA UTARA;CILINCING;ROROTAN;1
2024;6;KOTA ADM. JAKARTA UTARA;CILINCING;ROROTAN;1
2024;8;KOTA ADM. JAKARTA UTARA;CILINCING;ROROTAN;1
2024;9;KOTA ADM. JAKARTA UTARA;CILINCING;ROROTAN;2
2024;10;KOTA ADM. JAKARTA UTARA;CILINCING;ROROTAN;1
2024;3;KOTA ADM. JAKARTA UTARA;CILINCING;SEMPER BARAT;1
2024;5;KOTA ADM. JAKARTA UTARA;CILINCING;SEMPER BARAT;1
2024;7;KOTA ADM. JAKARTA UTARA;CILINCING;SEMPER BARAT;4
2024;9;KOTA ADM. JAKARTA UTARA;CILINCING;SEMPER BARAT;1
2024;10;KOTA ADM. JAKARTA UTARA;CILINCING;SEMPER BARAT;3
2024;11;KOTA ADM. JAKARTA UTARA;CILINCING;SEMPER BARAT;1
2024;2;KOTA ADM. JAKARTA UTARA;CILINCING;SEMPER TIMUR;1
2024;3;KOTA ADM. JAKARTA UTARA;CILINCING;SEMPER TIMUR;1
2024;5;KOTA ADM. JAKARTA UTARA;CILINCING;SEMPER TIMUR;1
2024;6;KOTA ADM. JAKARTA UTARA;CILINCING;SEMPER TIMUR;2
2024;9;KOTA ADM. JAKARTA UTARA;CILINCING;SEMPER TIMUR;1
2024;10;KOTA ADM. JAKARTA UTARA;CILINCING;SEMPER TIMUR;2
2024;7;KOTA ADM. JAKARTA UTARA;CILINCING;SUKAPURA;1
2024;8;KOTA ADM. JAKARTA UTARA;CILINCING;SUKAPURA;1
2024;9;KOTA ADM. JAKARTA UTARA;CILINCING;SUKAPURA;1
2024;10;KOTA ADM. JAKARTA UTARA;CILINCING;SUKAPURA;1
2024;11;KOTA ADM. JAKARTA UTARA;CILINCING;SUKAPURA;2
2024;12;KOTA ADM. JAKARTA UTARA;CILINCING;SUKAPURA;3
2024;1;KOTA ADM. JAKARTA UTARA;KELAPA GADING;KELAPA GADING BARAT;3
2024;3;KOTA ADM. JAKARTA UTARA;KELAPA GADING;KELAPA GADING BARAT;1
2024;4;KOTA ADM. JAKARTA UTARA;KELAPA GADING;KELAPA GADING BARAT;1
2024;5;KOTA ADM. JAKARTA UTARA;KELAPA GADING;KELAPA GADING BARAT;2
2024;6;KOTA ADM. JAKARTA UTARA;KELAPA GADING;KELAPA GADING BARAT;2
2024;7;KOTA ADM. JAKARTA UTARA;KELAPA GADING;KELAPA GADING BARAT;2
2024;8;KOTA ADM. JAKARTA UTARA;KELAPA GADING;KELAPA GADING BARAT;1
2024;9;KOTA ADM. JAKARTA UTARA;KELAPA GADING;KELAPA GADING BARAT;2
2024;10;KOTA ADM. JAKARTA UTARA;KELAPA GADING;KELAPA GADING BARAT;2
2024;5;KOTA ADM. JAKARTA UTARA;KELAPA GADING;KELAPA GADING TIMUR;1
2024;6;KOTA ADM. JAKARTA UTARA;KELAPA GADING;KELAPA GADING TIMUR;2
2024;8;KOTA ADM. JAKARTA UTARA;KELAPA GADING;KELAPA GADING TIMUR;1
2024;9;KOTA ADM. JAKARTA UTARA;KELAPA GADING;KELAPA GADING TIMUR;1
2024;10;KOTA ADM. JAKARTA UTARA;KELAPA GADING;KELAPA GADING TIMUR;1
2024;1;KOTA ADM. JAKARTA UTARA;KELAPA GADING;PEGANGSAAN DUA;3
2024;3;KOTA ADM. JAKARTA UTARA;KELAPA GADING;PEGANGSAAN DUA;3
2024;4;KOTA ADM. JAKARTA UTARA;KELAPA GADING;PEGANGSAAN DUA;1
2024;5;KOTA ADM. JAKARTA UTARA;KELAPA GADING;PEGANGSAAN DUA;2
2024;6;KOTA ADM. JAKARTA UTARA;KELAPA GADING;PEGANGSAAN DUA;2
2024;7;KOTA ADM. JAKARTA UTARA;KELAPA GADING;PEGANGSAAN DUA;1
2024;8;KOTA ADM. JAKARTA UTARA;KELAPA GADING;PEGANGSAAN DUA;5
2024;9;KOTA ADM. JAKARTA UTARA;KELAPA GADING;PEGANGSAAN DUA;2
2024;10;KOTA ADM. JAKARTA UTARA;KELAPA GADING;PEGANGSAAN DUA;2
2024;5;KOTA ADM. JAKARTA UTARA;KEP. SERIBU SELATAN;PULAU PARI;1
2024;8;KOTA ADM. JAKARTA UTARA;KEP. SERIBU SELATAN;PULAU TIDUNG;3
2024;9;KOTA ADM. JAKARTA UTARA;KEP. SERIBU SELATAN;PULAU TIDUNG;4
2024;11;KOTA ADM. JAKARTA UTARA;KEP. SERIBU SELATAN;PULAU TIDUNG;1
2024;4;KOTA ADM. JAKARTA UTARA;KEP. SERIBU SELATAN;PULAU UNTUNG JAWA;1
2024;1;KOTA ADM. JAKARTA UTARA;CILINCING;ROROTAN;1
2024;2;KOTA ADM. JAKARTA PUSAT;CEMPAKA PUTIH;CEMPAKA PUTIH BARAT;1
2024;4;KOTA ADM. JAKARTA PUSAT;CEMPAKA PUTIH;CEMPAKA PUTIH BARAT;1
2024;5;KOTA ADM. JAKARTA PUSAT;CEMPAKA PUTIH;CEMPAKA PUTIH BARAT;1
2024;6;KOTA ADM. JAKARTA PUSAT;CEMPAKA PUTIH;CEMPAKA PUTIH BARAT;2
2024;7;KOTA ADM. JAKARTA PUSAT;CEMPAKA PUTIH;CEMPAKA PUTIH BARAT;1
2024;8;KOTA ADM. JAKARTA PUSAT;CEMPAKA PUTIH;CEMPAKA PUTIH BARAT;3
2024;10;KOTA ADM. JAKARTA PUSAT;CEMPAKA PUTIH;CEMPAKA PUTIH BARAT;1
2024;11;KOTA ADM. JAKARTA PUSAT;CEMPAKA PUTIH;CEMPAKA PUTIH BARAT;1
2024;12;KOTA ADM. JAKARTA PUSAT;CEMPAKA PUTIH;CEMPAKA PUTIH BARAT;1
2024;2;KOTA ADM. JAKARTA PUSAT;CEMPAKA PUTIH;CEMPAKA PUTIH TIMUR;2
2024;3;KOTA ADM. JAKARTA PUSAT;CEMPAKA PUTIH;CEMPAKA PUTIH TIMUR;1
2024;5;KOTA ADM. JAKARTA PUSAT;CEMPAKA PUTIH;CEMPAKA PUTIH TIMUR;2
2024;6;KOTA ADM. JAKARTA PUSAT;CEMPAKA PUTIH;CEMPAKA PUTIH TIMUR;1
2024;8;KOTA ADM. JAKARTA PUSAT;CEMPAKA PUTIH;CEMPAKA PUTIH TIMUR;1
2024;9;KOTA ADM. JAKARTA PUSAT;CEMPAKA PUTIH;CEMPAKA PUTIH TIMUR;1
2024;4;KOTA ADM. JAKARTA PUSAT;CEMPAKA PUTIH;RAWASARI;1
2024;6;KOTA ADM. JAKARTA PUSAT;CEMPAKA PUTIH;RAWASARI;1
2024;7;KOTA ADM. JAKARTA PUSAT;CEMPAKA PUTIH;RAWASARI;1
2024;12;KOTA ADM. JAKARTA PUSAT;CEMPAKA PUTIH;RAWASARI;1
2024;2;KOTA ADM. JAKARTA PUSAT;GAMBIR;CIDENG;1
2024;4;KOTA ADM. JAKARTA PUSAT;GAMBIR;CIDENG;2
2024;5;KOTA ADM. JAKARTA PUSAT;GAMBIR;CIDENG;1
2024;10;KOTA ADM. JAKARTA PUSAT;GAMBIR;CIDENG;1
2024;12;KOTA ADM. JAKARTA PUSAT;GAMBIR;CIDENG;1
2024;3;KOTA ADM. JAKARTA PUSAT;GAMBIR;DURI PULO;1
2024;6;KOTA ADM. JAKARTA PUSAT;GAMBIR;DURI PULO;1
2024;12;KOTA ADM. JAKARTA PUSAT;GAMBIR;DURI PULO;2
2024;5;KOTA ADM. JAKARTA PUSAT;GAMBIR;GAMBIR;1
2024;9;KOTA ADM. JAKARTA PUSAT;GAMBIR;GAMBIR;1
2024;12;KOTA ADM. JAKARTA PUSAT;GAMBIR;GAMBIR;1
2024;2;KOTA ADM. JAKARTA PUSAT;GAMBIR;KEBON KELAPA;3
2024;4;KOTA ADM. JAKARTA PUSAT;GAMBIR;KEBON KELAPA;1
2024;5;KOTA ADM. JAKARTA PUSAT;GAMBIR;KEBON KELAPA;1
2024;9;KOTA ADM. JAKARTA PUSAT;GAMBIR;KEBON KELAPA;1
2024;4;KOTA ADM. JAKARTA PUSAT;GAMBIR;PETOJO SELATAN;1
2024;6;KOTA ADM. JAKARTA PUSAT;GAMBIR;PETOJO SELATAN;1
2024;10;KOTA ADM. JAKARTA PUSAT;GAMBIR;PETOJO SELATAN;2
2024;11;KOTA ADM. JAKARTA PUSAT;GAMBIR;PETOJO SELATAN;1
2024;12;KOTA ADM. JAKARTA PUSAT;GAMBIR;PETOJO SELATAN;1
2024;4;KOTA ADM. JAKARTA PUSAT;GAMBIR;PETOJO UTARA;2
2024;8;KOTA ADM. JAKARTA PUSAT;GAMBIR;PETOJO UTARA;1
2024;9;KOTA ADM. JAKARTA PUSAT;GAMBIR;PETOJO UTARA;1
2024;10;KOTA ADM. JAKARTA PUSAT;GAMBIR;PETOJO UTARA;3
2024;1;KOTA ADM. JAKARTA PUSAT;JOHAR BARU;GALUR;1
2024;8;KOTA ADM. JAKARTA PUSAT;JOHAR BARU;GALUR;1
2024;9;KOTA ADM. JAKARTA PUSAT;JOHAR BARU;GALUR;1
2024;1;KOTA ADM. JAKARTA PUSAT;JOHAR BARU;JOHAR BARU;1
2024;4;KOTA ADM. JAKARTA PUSAT;JOHAR BARU;JOHAR BARU;2
2024;6;KOTA ADM. JAKARTA PUSAT;JOHAR BARU;JOHAR BARU;1
2024;10;KOTA ADM. JAKARTA PUSAT;JOHAR BARU;JOHAR BARU;3
2024;2;KOTA ADM. JAKARTA PUSAT;JOHAR BARU;KAMPUNG RAWA;1
2024;8;KOTA ADM. JAKARTA PUSAT;JOHAR BARU;KAMPUNG RAWA;1
2024;11;KOTA ADM. JAKARTA PUSAT;JOHAR BARU;KAMPUNG RAWA;2
2024;9;KOTA ADM. JAKARTA PUSAT;JOHAR BARU;TANAH TINGGI;1
2024;10;KOTA ADM. JAKARTA PUSAT;JOHAR BARU;TANAH TINGGI;1
2024;11;KOTA ADM. JAKARTA PUSAT;JOHAR BARU;TANAH TINGGI;1
2024;12;KOTA ADM. JAKARTA PUSAT;JOHAR BARU;TANAH TINGGI;1
2024;1;KOTA ADM. JAKARTA PUSAT;KEMAYORAN;CEMPAKA BARU;2
2024;2;KOTA ADM. JAKARTA PUSAT;KEMAYORAN;CEMPAKA BARU;1
2024;3;KOTA ADM. JAKARTA PUSAT;KEMAYORAN;CEMPAKA BARU;1
2024;5;KOTA ADM. JAKARTA PUSAT;KEMAYORAN;CEMPAKA BARU;1
2024;8;KOTA ADM. JAKARTA PUSAT;KEMAYORAN;CEMPAKA BARU;2
2024;10;KOTA ADM. JAKARTA PUSAT;KEMAYORAN;CEMPAKA BARU;1
2024;2;KOTA ADM. JAKARTA PUSAT;KEMAYORAN;GUNUNG SAHARI SELATAN;1
2024;3;KOTA ADM. JAKARTA PUSAT;KEMAYORAN;GUNUNG SAHARI SELATAN;1
2024;5;KOTA ADM. JAKARTA PUSAT;KEMAYORAN;GUNUNG SAHARI SELATAN;2
2024;6;KOTA ADM. JAKARTA PUSAT;KEMAYORAN;GUNUNG SAHARI SELATAN;1
2024;8;KOTA ADM. JAKARTA PUSAT;KEMAYORAN;GUNUNG SAHARI SELATAN;1
2024;9;KOTA ADM. JAKARTA PUSAT;KEMAYORAN;GUNUNG SAHARI SELATAN;1
2024;10;KOTA ADM. JAKARTA PUSAT;KEMAYORAN;GUNUNG SAHARI SELATAN;1
2024;12;KOTA ADM. JAKARTA PUSAT;KEMAYORAN;GUNUNG SAHARI SELATAN;2
2024;2;KOTA ADM. JAKARTA PUSAT;KEMAYORAN;HARAPAN MULIA;2
2024;10;KOTA ADM. JAKARTA PUSAT;KEMAYORAN;HARAPAN MULIA;1
2024;11;KOTA ADM. JAKARTA PUSAT;KEMAYORAN;HARAPAN MULIA;1
2024;2;KOTA ADM. JAKARTA PUSAT;KEMAYORAN;KEBON KOSONG;1
2024;4;KOTA ADM. JAKARTA PUSAT;KEMAYORAN;KEBON KOSONG;1
2024;5;KOTA ADM. JAKARTA PUSAT;KEMAYORAN;KEBON KOSONG;1
2024;8;KOTA ADM. JAKARTA PUSAT;KEMAYORAN;KEBON KOSONG;2
2024;9;KOTA ADM. JAKARTA PUSAT;KEMAYORAN;KEBON KOSONG;1
2024;12;KOTA ADM. JAKARTA PUSAT;KEMAYORAN;KEBON KOSONG;1
2024;1;KOTA ADM. JAKARTA PUSAT;KEMAYORAN;KEMAYORAN;1
2024;5;KOTA ADM. JAKARTA PUSAT;KEMAYORAN;KEMAYORAN;1
2024;1;KOTA ADM. JAKARTA PUSAT;KEMAYORAN;SERDANG;1
2024;2;KOTA ADM. JAKARTA PUSAT;KEMAYORAN;SERDANG;1
2024;3;KOTA ADM. JAKARTA PUSAT;KEMAYORAN;SERDANG;1
2024;6;KOTA ADM. JAKARTA PUSAT;KEMAYORAN;SERDANG;1
2024;9;KOTA ADM. JAKARTA PUSAT;KEMAYORAN;SERDANG;1
2024;11;KOTA ADM. JAKARTA PUSAT;KEMAYORAN;SERDANG;1
2024;1;KOTA ADM. JAKARTA PUSAT;KEMAYORAN;SUMUR BATU;2
2024;3;KOTA ADM. JAKARTA PUSAT;KEMAYORAN;SUMUR BATU;1
2024;5;KOTA ADM. JAKARTA PUSAT;KEMAYORAN;SUMUR BATU;1
2024;8;KOTA ADM. JAKARTA PUSAT;KEMAYORAN;SUMUR BATU;1
2024;2;KOTA ADM. JAKARTA PUSAT;KEMAYORAN;UTAN PANJANG;1
2024;5;KOTA ADM. JAKARTA PUSAT;KEMAYORAN;UTAN PANJANG;1
2024;8;KOTA ADM. JAKARTA PUSAT;KEMAYORAN;UTAN PANJANG;1
2024;9;KOTA ADM. JAKARTA PUSAT;KEMAYORAN;UTAN PANJANG;1
2024;11;KOTA ADM. JAKARTA PUSAT;KEMAYORAN;UTAN PANJANG;1
2024;3;KOTA ADM. JAKARTA PUSAT;MENTENG;CIKINI;1
2024;5;KOTA ADM. JAKARTA PUSAT;MENTENG;CIKINI;1
2024;8;KOTA ADM. JAKARTA PUSAT;MENTENG;CIKINI;1
2024;9;KOTA ADM. JAKARTA PUSAT;MENTENG;CIKINI;1
2024;1;KOTA ADM. JAKARTA PUSAT;MENTENG;GONDANGDIA;1
2024;4;KOTA ADM. JAKARTA PUSAT;MENTENG;GONDANGDIA;1
2024;7;KOTA ADM. JAKARTA PUSAT;MENTENG;GONDANGDIA;1
2024;8;KOTA ADM. JAKARTA PUSAT;MENTENG;GONDANGDIA;1
2024;9;KOTA ADM. JAKARTA PUSAT;MENTENG;GONDANGDIA;2
2024;3;KOTA ADM. JAKARTA UTARA;KEP. SERIBU UTARA;PULAU HARAPAN;1
2024;4;KOTA ADM. JAKARTA UTARA;KEP. SERIBU UTARA;PULAU HARAPAN;1
2024;1;KOTA ADM. JAKARTA UTARA;KEP. SERIBU UTARA;PULAU KELAPA;1
2024;7;KOTA ADM. JAKARTA UTARA;KEP. SERIBU UTARA;PULAU KELAPA;1
2024;9;KOTA ADM. JAKARTA UTARA;KEP. SERIBU UTARA;PULAU KELAPA;1
2024;11;KOTA ADM. JAKARTA UTARA;KEP. SERIBU UTARA;PULAU KELAPA;2
2024;2;KOTA ADM. JAKARTA UTARA;KEP. SERIBU UTARA;PULAU PANGGANG;2
2024;3;KOTA ADM. JAKARTA UTARA;KEP. SERIBU UTARA;PULAU PANGGANG;1
2024;11;KOTA ADM. JAKARTA UTARA;KEP. SERIBU UTARA;PULAU PANGGANG;1
2024;10;KOTA ADM. JAKARTA UTARA;KOJA;KOJA;3
2024;11;KOTA ADM. JAKARTA UTARA;KOJA;KOJA;1
2024;3;KOTA ADM. JAKARTA UTARA;KOJA;LAGOA;1
2024;4;KOTA ADM. JAKARTA UTARA;KOJA;LAGOA;2
2024;10;KOTA ADM. JAKARTA UTARA;KOJA;LAGOA;1
2024;11;KOTA ADM. JAKARTA UTARA;KOJA;LAGOA;1
2024;12;KOTA ADM. JAKARTA UTARA;KOJA;LAGOA;1
2024;8;KOTA ADM. JAKARTA UTARA;KOJA;RAWA BADAK SELATAN;2
2024;12;KOTA ADM. JAKARTA UTARA;KOJA;RAWA BADAK SELATAN;1
2024;5;KOTA ADM. JAKARTA UTARA;KOJA;RAWA BADAK UTARA;1
2024;6;KOTA ADM. JAKARTA UTARA;KOJA;RAWA BADAK UTARA;1
2024;8;KOTA ADM. JAKARTA UTARA;KOJA;RAWA BADAK UTARA;1
2024;9;KOTA ADM. JAKARTA UTARA;KOJA;RAWA BADAK UTARA;2
2024;3;KOTA ADM. JAKARTA UTARA;KOJA;TUGU SELATAN;1
2024;4;KOTA ADM. JAKARTA UTARA;KOJA;TUGU SELATAN;1
2024;8;KOTA ADM. JAKARTA UTARA;KOJA;TUGU SELATAN;1
2024;9;KOTA ADM. JAKARTA UTARA;KOJA;TUGU SELATAN;1
2024;11;KOTA ADM. JAKARTA UTARA;KOJA;TUGU SELATAN;1
2024;2;KOTA ADM. JAKARTA UTARA;KOJA;TUGU UTARA;1
2024;3;KOTA ADM. JAKARTA UTARA;KOJA;TUGU UTARA;1
2024;6;KOTA ADM. JAKARTA UTARA;KOJA;TUGU UTARA;1
2024;7;KOTA ADM. JAKARTA UTARA;KOJA;TUGU UTARA;1
2024;11;KOTA ADM. JAKARTA UTARA;KOJA;TUGU UTARA;1
2024;12;KOTA ADM. JAKARTA UTARA;KOJA;TUGU UTARA;1
2024;1;KOTA ADM. JAKARTA UTARA;PADEMANGAN;ANCOL;1
2024;5;KOTA ADM. JAKARTA UTARA;PADEMANGAN;ANCOL;1
2024;8;KOTA ADM. JAKARTA UTARA;PADEMANGAN;ANCOL;1
2024;10;KOTA ADM. JAKARTA UTARA;PADEMANGAN;ANCOL;3
2024;1;KOTA ADM. JAKARTA UTARA;PADEMANGAN;PADEMANGAN BARAT;1
2024;2;KOTA ADM. JAKARTA UTARA;PADEMANGAN;PADEMANGAN BARAT;2
2024;6;KOTA ADM. JAKARTA UTARA;PADEMANGAN;PADEMANGAN BARAT;1
2024;7;KOTA ADM. JAKARTA UTARA;PADEMANGAN;PADEMANGAN BARAT;1
2024;8;KOTA ADM. JAKARTA UTARA;PADEMANGAN;PADEMANGAN BARAT;1
2024;12;KOTA ADM. JAKARTA UTARA;PADEMANGAN;PADEMANGAN BARAT;1
2024;1;KOTA ADM. JAKARTA UTARA;PADEMANGAN;PADEMANGAN TIMUR;1
2024;6;KOTA ADM. JAKARTA UTARA;PADEMANGAN;PADEMANGAN TIMUR;1
2024;8;KOTA ADM. JAKARTA UTARA;PADEMANGAN;PADEMANGAN TIMUR;1
2024;10;KOTA ADM. JAKARTA UTARA;PADEMANGAN;PADEMANGAN TIMUR;1
2024;12;KOTA ADM. JAKARTA UTARA;PADEMANGAN;PADEMANGAN TIMUR;2
2024;4;KOTA ADM. JAKARTA UTARA;PENJARINGAN;KAMAL MUARA;1
2024;5;KOTA ADM. JAKARTA UTARA;PENJARINGAN;KAMAL MUARA;1
2024;9;KOTA ADM. JAKARTA UTARA;PENJARINGAN;KAMAL MUARA;2
2024;11;KOTA ADM. JAKARTA UTARA;PENJARINGAN;KAMAL MUARA;1
2024;3;KOTA ADM. JAKARTA UTARA;PENJARINGAN;KAPUK MUARA;1
2024;9;KOTA ADM. JAKARTA BARAT;KEMBANGAN;MERUYA SELATAN;2
2024;10;KOTA ADM. JAKARTA BARAT;KEMBANGAN;MERUYA SELATAN;1
2024;1;KOTA ADM. JAKARTA BARAT;KEMBANGAN;MERUYA UTARA;2
2024;2;KOTA ADM. JAKARTA BARAT;KEMBANGAN;MERUYA UTARA;2
2024;4;KOTA ADM. JAKARTA BARAT;KEMBANGAN;MERUYA UTARA;2
2024;6;KOTA ADM. JAKARTA BARAT;KEMBANGAN;MERUYA UTARA;1
2024;7;KOTA ADM. JAKARTA BARAT;KEMBANGAN;MERUYA UTARA;1
2024;8;KOTA ADM. JAKARTA BARAT;KEMBANGAN;MERUYA UTARA;1
2024;10;KOTA ADM. JAKARTA BARAT;KEMBANGAN;MERUYA UTARA;2
2024;11;KOTA ADM. JAKARTA BARAT;KEMBANGAN;MERUYA UTARA;1
2024;12;KOTA ADM. JAKARTA BARAT;KEMBANGAN;MERUYA UTARA;1
2024;2;KOTA ADM. JAKARTA BARAT;KEMBANGAN;SRENGSENG;1
2024;7;KOTA ADM. JAKARTA BARAT;KEMBANGAN;SRENGSENG;1
2024;9;KOTA ADM. JAKARTA BARAT;KEMBANGAN;SRENGSENG;1
2024;12;KOTA ADM. JAKARTA BARAT;KEMBANGAN;SRENGSENG;1
2024;1;KOTA ADM. JAKARTA BARAT;PALMERAH;JATI PULO;1
2024;3;KOTA ADM. JAKARTA BARAT;PALMERAH;JATI PULO;1
2024;5;KOTA ADM. JAKARTA BARAT;PALMERAH;JATI PULO;1
2024;8;KOTA ADM. JAKARTA BARAT;PALMERAH;JATI PULO;1
2024;11;KOTA ADM. JAKARTA BARAT;PALMERAH;JATI PULO;3
2024;2;KOTA ADM. JAKARTA BARAT;PALMERAH;KEMANGGISAN;1
2024;5;KOTA ADM. JAKARTA BARAT;PALMERAH;KEMANGGISAN;1
2024;9;KOTA ADM. JAKARTA BARAT;PALMERAH;KEMANGGISAN;2
2024;2;KOTA ADM. JAKARTA BARAT;PALMERAH;KOTA BAMBU SELATAN;1
2024;3;KOTA ADM. JAKARTA BARAT;PALMERAH;KOTA BAMBU SELATAN;1
2024;6;KOTA ADM. JAKARTA BARAT;PALMERAH;KOTA BAMBU SELATAN;1
2024;5;KOTA ADM. JAKARTA BARAT;PALMERAH;KOTA BAMBU UTARA;1
2024;6;KOTA ADM. JAKARTA BARAT;PALMERAH;KOTA BAMBU UTARA;1
2024;9;KOTA ADM. JAKARTA BARAT;PALMERAH;KOTA BAMBU UTARA;1
2024;10;KOTA ADM. JAKARTA BARAT;PALMERAH;KOTA BAMBU UTARA;1
2024;1;KOTA ADM. JAKARTA BARAT;PALMERAH;PALMERAH;1
2024;4;KOTA ADM. JAKARTA BARAT;PALMERAH;PALMERAH;1
2024;5;KOTA ADM. JAKARTA BARAT;PALMERAH;PALMERAH;3
2024;9;KOTA ADM. JAKARTA BARAT;PALMERAH;PALMERAH;3
2024;10;KOTA ADM. JAKARTA BARAT;PALMERAH;PALMERAH;1
2024;11;KOTA ADM. JAKARTA BARAT;PALMERAH;PALMERAH;2
2024;12;KOTA ADM. JAKARTA BARAT;PALMERAH;PALMERAH;1
2024;1;KOTA ADM. JAKARTA BARAT;PALMERAH;SLIPI;1
2024;3;KOTA ADM. JAKARTA BARAT;PALMERAH;SLIPI;1
2024;5;KOTA ADM. JAKARTA BARAT;PALMERAH;SLIPI;1
2024;7;KOTA ADM. JAKARTA BARAT;PALMERAH;SLIPI;1
2024;8;KOTA ADM. JAKARTA BARAT;PALMERAH;SLIPI;2
2024;4;KOTA ADM. JAKARTA BARAT;TAMANSARI;GLODOK;1
2024;7;KOTA ADM. JAKARTA BARAT;TAMANSARI;GLODOK;1
2024;1;KOTA ADM. JAKARTA BARAT;TAMANSARI;KEAGUNGAN;2
2024;5;KOTA ADM. JAKARTA BARAT;TAMANSARI;KEAGUNGAN;1
2024;8;KOTA ADM. JAKARTA BARAT;TAMANSARI;KEAGUNGAN;1
2024;11;KOTA ADM. JAKARTA BARAT;TAMANSARI;KEAGUNGAN;1
2024;12;KOTA ADM. JAKARTA BARAT;TAMANSARI;KEAGUNGAN;1
2024;2;KOTA ADM. JAKARTA BARAT;TAMANSARI;KRUKUT;1
2024;7;KOTA ADM. JAKARTA BARAT;TAMANSARI;KRUKUT;2
2024;4;KOTA ADM. JAKARTA BARAT;TAMANSARI;MANGGA BESAR;1
2024;8;KOTA ADM. JAKARTA BARAT;TAMANSARI;MANGGA BESAR;2
2024;12;KOTA ADM. JAKARTA BARAT;TAMANSARI;MANGGA BESAR;1
2024;4;KOTA ADM. JAKARTA BARAT;TAMANSARI;MAPHAR;1
2024;5;KOTA ADM. JAKARTA BARAT;TAMANSARI;MAPHAR;1
2024;6;KOTA ADM. JAKARTA BARAT;TAMANSARI;MAPHAR;2
2024;11;KOTA ADM. JAKARTA BARAT;TAMANSARI;MAPHAR;1
2024;6;KOTA ADM. JAKARTA BARAT;TAMANSARI;PINANGSIA;1
2024;7;KOTA ADM. JAKARTA BARAT;TAMANSARI;PINANGSIA;1
2024;9;KOTA ADM. JAKARTA BARAT;TAMANSARI;PINANGSIA;1
2024;11;KOTA ADM. JAKARTA BARAT;TAMANSARI;PINANGSIA;1
2024;3;KOTA ADM. JAKARTA BARAT;TAMANSARI;TAMANSARI;1
2024;5;KOTA ADM. JAKARTA BARAT;TAMANSARI;TAMANSARI;1
2024;7;KOTA ADM. JAKARTA BARAT;TAMANSARI;TAMANSARI;1
2024;8;KOTA ADM. JAKARTA BARAT;TAMANSARI;TAMANSARI;1
2024;1;KOTA ADM. JAKARTA BARAT;TAMANSARI;TANGKI;1
2024;2;KOTA ADM. JAKARTA BARAT;TAMANSARI;TANGKI;1
2024;3;KOTA ADM. JAKARTA BARAT;TAMANSARI;TANGKI;1
2024;4;KOTA ADM. JAKARTA BARAT;TAMANSARI;TANGKI;1
2024;7;KOTA ADM. JAKARTA BARAT;TAMANSARI;TANGKI;1
2024;9;KOTA ADM. JAKARTA BARAT;TAMANSARI;TANGKI;1
2024;10;KOTA ADM. JAKARTA BARAT;TAMANSARI;TANGKI;2
2024;11;KOTA ADM. JAKARTA BARAT;TAMANSARI;TANGKI;1
2024;2;KOTA ADM. JAKARTA BARAT;TAMBORA;ANGKE;1
2024;7;KOTA ADM. JAKARTA BARAT;TAMBORA;ANGKE;1
2024;10;KOTA ADM. JAKARTA BARAT;TAMBORA;ANGKE;2
2024;12;KOTA ADM. JAKARTA BARAT;TAMBORA;ANGKE;1
2024;1;KOTA ADM. JAKARTA BARAT;TAMBORA;DURI SELATAN;3
2024;4;KOTA ADM. JAKARTA BARAT;TAMBORA;DURI SELATAN;2
2024;5;KOTA ADM. JAKARTA BARAT;TAMBORA;DURI SELATAN;1
2024;8;KOTA ADM. JAKARTA BARAT;TAMBORA;DURI SELATAN;1
2024;9;KOTA ADM. JAKARTA BARAT;TAMBORA;DURI SELATAN;1
2024;7;KOTA ADM. JAKARTA BARAT;TAMBORA;DURI UTARA;1
2024;11;KOTA ADM. JAKARTA BARAT;TAMBORA;DURI UTARA;2
2024;3;KOTA ADM. JAKARTA BARAT;TAMBORA;JEMBATAN BESI;1
2024;8;KOTA ADM. JAKARTA BARAT;TAMBORA;JEMBATAN BESI;1
2024;10;KOTA ADM. JAKARTA BARAT;TAMBORA;JEMBATAN BESI;1
2024;11;KOTA ADM. JAKARTA BARAT;TAMBORA;JEMBATAN BESI;1
2024;6;KOTA ADM. JAKARTA BARAT;TAMBORA;KALI ANYAR;1
2024;10;KOTA ADM. JAKARTA BARAT;TAMBORA;KALI ANYAR;2
2024;12;KOTA ADM. JAKARTA BARAT;TAMBORA;KALI ANYAR;1
2024;1;KOTA ADM. JAKARTA BARAT;TAMBORA;KRENDANG;1
2024;3;KOTA ADM. JAKARTA BARAT;TAMBORA;KRENDANG;1
2024;5;KOTA ADM. JAKARTA BARAT;TAMBORA;KRENDANG;1
2024;11;KOTA ADM. JAKARTA BARAT;TAMBORA;KRENDANG;1
2024;2;KOTA ADM. JAKARTA BARAT;TAMBORA;PEKOJAN;1
2024;3;KOTA ADM. JAKARTA BARAT;TAMBORA;PEKOJAN;1
2024;5;KOTA ADM. JAKARTA BARAT;TAMBORA;PEKOJAN;1
2024;7;KOTA ADM. JAKARTA BARAT;TAMBORA;PEKOJAN;1
2024;8;KOTA ADM. JAKARTA BARAT;TAMBORA;PEKOJAN;1
2024;9;KOTA ADM. JAKARTA BARAT;TAMBORA;PEKOJAN;2
2024;11;KOTA ADM. JAKARTA BARAT;TAMBORA;PEKOJAN;1
2024;12;KOTA ADM. JAKARTA BARAT;TAMBORA;PEKOJAN;1
2024;6;KOTA ADM. JAKARTA BARAT;TAMBORA;ROA MALAKA;1
2024;9;KOTA ADM. JAKARTA BARAT;TAMBORA;ROA MALAKA;2
2024;12;KOTA ADM. JAKARTA BARAT;TAMBORA;ROA MALAKA;1
2024;1;KOTA ADM. JAKARTA BARAT;TAMBORA;TAMBORA;1
2024;9;KOTA ADM. JAKARTA BARAT;TAMBORA;TAMBORA;1
2024;5;KOTA ADM. JAKARTA UTARA;PENJARINGAN;KAPUK MUARA;2
2024;6;KOTA ADM. JAKARTA UTARA;PENJARINGAN;KAPUK MUARA;2
2024;10;KOTA ADM. JAKARTA UTARA;PENJARINGAN;KAPUK MUARA;3
2024;11;KOTA ADM. JAKARTA UTARA;PENJARINGAN;KAPUK MUARA;1
2024;1;KOTA ADM. JAKARTA UTARA;PENJARINGAN;PEJAGALAN;1
2024;7;KOTA ADM. JAKARTA UTARA;PENJARINGAN;PEJAGALAN;2
2024;8;KOTA ADM. JAKARTA UTARA;PENJARINGAN;PEJAGALAN;3
2024;10;KOTA ADM. JAKARTA UTARA;PENJARINGAN;PEJAGALAN;2
2024;11;KOTA ADM. JAKARTA UTARA;PENJARINGAN;PEJAGALAN;1
2024;1;KOTA ADM. JAKARTA UTARA;PENJARINGAN;PENJARINGAN;2
2024;3;KOTA ADM. JAKARTA UTARA;PENJARINGAN;PENJARINGAN;6
2024;4;KOTA ADM. JAKARTA UTARA;PENJARINGAN;PENJARINGAN;2
2024;5;KOTA ADM. JAKARTA UTARA;PENJARINGAN;PENJARINGAN;4
2024;6;KOTA ADM. JAKARTA UTARA;PENJARINGAN;PENJARINGAN;1
2024;7;KOTA ADM. JAKARTA UTARA;PENJARINGAN;PENJARINGAN;2
2024;9;KOTA ADM. JAKARTA UTARA;PENJARINGAN;PENJARINGAN;5
2024;10;KOTA ADM. JAKARTA UTARA;PENJARINGAN;PENJARINGAN;1
2024;11;KOTA ADM. JAKARTA UTARA;PENJARINGAN;PENJARINGAN;2
2024;12;KOTA ADM. JAKARTA UTARA;PENJARINGAN;PENJARINGAN;1
2024;1;KOTA ADM. JAKARTA UTARA;PENJARINGAN;PLUIT;1
2024;3;KOTA ADM. JAKARTA UTARA;PENJARINGAN;PLUIT;1
2024;5;KOTA ADM. JAKARTA UTARA;PENJARINGAN;PLUIT;1
2024;6;KOTA ADM. JAKARTA UTARA;PENJARINGAN;PLUIT;1
2024;8;KOTA ADM. JAKARTA UTARA;PENJARINGAN;PLUIT;4
2024;10;KOTA ADM. JAKARTA UTARA;PENJARINGAN;PLUIT;2
2024;11;KOTA ADM. JAKARTA UTARA;PENJARINGAN;PLUIT;1
2024;12;KOTA ADM. JAKARTA UTARA;PENJARINGAN;PLUIT;1
2024;2;KOTA ADM. JAKARTA UTARA;TANJUNG PRIOK;KEBON BAWANG;2
2024;5;KOTA ADM. JAKARTA UTARA;TANJUNG PRIOK;KEBON BAWANG;3
2024;7;KOTA ADM. JAKARTA UTARA;TANJUNG PRIOK;KEBON BAWANG;2
2024;10;KOTA ADM. JAKARTA UTARA;TANJUNG PRIOK;KEBON BAWANG;2
2024;12;KOTA ADM. JAKARTA UTARA;TANJUNG PRIOK;KEBON BAWANG;1
2024;3;KOTA ADM. JAKARTA UTARA;TANJUNG PRIOK;PAPANGGO;1
2024;5;KOTA ADM. JAKARTA UTARA;TANJUNG PRIOK;PAPANGGO;1
2024;6;KOTA ADM. JAKARTA UTARA;TANJUNG PRIOK;PAPANGGO;1
2024;7;KOTA ADM. JAKARTA UTARA;TANJUNG PRIOK;PAPANGGO;2
2024;11;KOTA ADM. JAKARTA UTARA;TANJUNG PRIOK;PAPANGGO;2
2024;1;KOTA ADM. JAKARTA UTARA;TANJUNG PRIOK;SUNGAI BAMBU;2
2024;4;KOTA ADM. JAKARTA UTARA;TANJUNG PRIOK;SUNGAI BAMBU;1
2024;6;KOTA ADM. JAKARTA UTARA;TANJUNG PRIOK;SUNGAI BAMBU;1
2024;7;KOTA ADM. JAKARTA UTARA;TANJUNG PRIOK;SUNGAI BAMBU;1
2024;8;KOTA ADM. JAKARTA UTARA;TANJUNG PRIOK;SUNGAI BAMBU;1
2024;10;KOTA ADM. JAKARTA UTARA;TANJUNG PRIOK;SUNGAI BAMBU;1
2024;11;KOTA ADM. JAKARTA UTARA;TANJUNG PRIOK;SUNGAI BAMBU;1
2024;1;KOTA ADM. JAKARTA UTARA;TANJUNG PRIOK;SUNTER AGUNG;1
2024;3;KOTA ADM. JAKARTA UTARA;TANJUNG PRIOK;SUNTER AGUNG;1
2024;5;KOTA ADM. JAKARTA UTARA;TANJUNG PRIOK;SUNTER AGUNG;3
2024;6;KOTA ADM. JAKARTA UTARA;TANJUNG PRIOK;SUNTER AGUNG;2
2024;7;KOTA ADM. JAKARTA UTARA;TANJUNG PRIOK;SUNTER AGUNG;1
2024;9;KOTA ADM. JAKARTA UTARA;TANJUNG PRIOK;SUNTER AGUNG;1
2024;10;KOTA ADM. JAKARTA UTARA;TANJUNG PRIOK;SUNTER AGUNG;1
2024;12;KOTA ADM. JAKARTA UTARA;TANJUNG PRIOK;SUNTER AGUNG;1
2024;1;KOTA ADM. JAKARTA UTARA;TANJUNG PRIOK;SUNTER JAYA;1
2024;3;KOTA ADM. JAKARTA UTARA;TANJUNG PRIOK;SUNTER JAYA;1
2024;6;KOTA ADM. JAKARTA UTARA;TANJUNG PRIOK;SUNTER JAYA;1
2024;9;KOTA ADM. JAKARTA UTARA;TANJUNG PRIOK;SUNTER JAYA;1
2024;10;KOTA ADM. JAKARTA UTARA;TANJUNG PRIOK;SUNTER JAYA;1
2024;12;KOTA ADM. JAKARTA UTARA;TANJUNG PRIOK;SUNTER JAYA;1
2024;1;KOTA ADM. JAKARTA UTARA;TANJUNG PRIOK;TANJUNG PRIOK;1
2024;6;KOTA ADM. JAKARTA UTARA;TANJUNG PRIOK;TANJUNG PRIOK;1
2024;7;KOTA ADM. JAKARTA UTARA;TANJUNG PRIOK;TANJUNG PRIOK;1
2024;8;KOTA ADM. JAKARTA UTARA;TANJUNG PRIOK;TANJUNG PRIOK;1
2024;9;KOTA ADM. JAKARTA UTARA;TANJUNG PRIOK;TANJUNG PRIOK;1
2024;10;KOTA ADM. JAKARTA UTARA;TANJUNG PRIOK;TANJUNG PRIOK;1
2024;11;KOTA ADM. JAKARTA UTARA;TANJUNG PRIOK;TANJUNG PRIOK;1
2024;12;KOTA ADM. JAKARTA UTARA;TANJUNG PRIOK;TANJUNG PRIOK;2
2024;5;KOTA ADM. JAKARTA UTARA;TANJUNG PRIOK;WARAKAS;1
2024;1;KOTA ADM. JAKARTA BARAT;CENGKARENG;CENGKARENG BARAT;1
2024;2;KOTA ADM. JAKARTA BARAT;CENGKARENG;CENGKARENG BARAT;1
2024;4;KOTA ADM. JAKARTA BARAT;CENGKARENG;CENGKARENG BARAT;1
2024;5;KOTA ADM. JAKARTA BARAT;CENGKARENG;CENGKARENG BARAT;1
2024;6;KOTA ADM. JAKARTA BARAT;CENGKARENG;CENGKARENG BARAT;1
2024;7;KOTA ADM. JAKARTA BARAT;CENGKARENG;CENGKARENG BARAT;1
2024;8;KOTA ADM. JAKARTA BARAT;CENGKARENG;CENGKARENG BARAT;5
2024;9;KOTA ADM. JAKARTA BARAT;CENGKARENG;CENGKARENG BARAT;3
2024;10;KOTA ADM. JAKARTA BARAT;CENGKARENG;CENGKARENG BARAT;1
2024;11;KOTA ADM. JAKARTA BARAT;CENGKARENG;CENGKARENG BARAT;3
2024;12;KOTA ADM. JAKARTA BARAT;CENGKARENG;CENGKARENG BARAT;1
2024;1;KOTA ADM. JAKARTA BARAT;CENGKARENG;CENGKARENG TIMUR;1
2024;3;KOTA ADM. JAKARTA BARAT;CENGKARENG;CENGKARENG TIMUR;1
2024;5;KOTA ADM. JAKARTA BARAT;CENGKARENG;CENGKARENG TIMUR;2
2024;7;KOTA ADM. JAKARTA BARAT;CENGKARENG;CENGKARENG TIMUR;3
2024;8;KOTA ADM. JAKARTA BARAT;CENGKARENG;CENGKARENG TIMUR;1
2024;9;KOTA ADM. JAKARTA BARAT;CENGKARENG;CENGKARENG TIMUR;1
2024;10;KOTA ADM. JAKARTA BARAT;CENGKARENG;CENGKARENG TIMUR;4
2024;11;KOTA ADM. JAKARTA BARAT;CENGKARENG;CENGKARENG TIMUR;3
2024;12;KOTA ADM. JAKARTA BARAT;CENGKARENG;CENGKARENG TIMUR;2
2024;5;KOTA ADM. JAKARTA BARAT;CENGKARENG;DURI KOSAMBI;2
2024;7;KOTA ADM. JAKARTA BARAT;CENGKARENG;DURI KOSAMBI;2
2024;8;KOTA ADM. JAKARTA BARAT;CENGKARENG;DURI KOSAMBI;3
2024;10;KOTA ADM. JAKARTA BARAT;CENGKARENG;DURI KOSAMBI;2
2024;1;KOTA ADM. JAKARTA BARAT;CENGKARENG;KAPUK;1
2024;2;KOTA ADM. JAKARTA BARAT;CENGKARENG;KAPUK;1
2024;4;KOTA ADM. JAKARTA BARAT;CENGKARENG;KAPUK;1
2024;5;KOTA ADM. JAKARTA BARAT;CENGKARENG;KAPUK;3
2024;6;KOTA ADM. JAKARTA BARAT;CENGKARENG;KAPUK;1
2024;7;KOTA ADM. JAKARTA BARAT;CENGKARENG;KAPUK;1
2024;9;KOTA ADM. JAKARTA BARAT;CENGKARENG;KAPUK;1
2024;10;KOTA ADM. JAKARTA BARAT;CENGKARENG;KAPUK;4
2024;11;KOTA ADM. JAKARTA BARAT;CENGKARENG;KAPUK;1
2024;3;KOTA ADM. JAKARTA BARAT;CENGKARENG;KEDAUNG KALI ANGKE;3
2024;4;KOTA ADM. JAKARTA BARAT;CENGKARENG;KEDAUNG KALI ANGKE;2
2024;5;KOTA ADM. JAKARTA BARAT;CENGKARENG;KEDAUNG KALI ANGKE;1
2024;6;KOTA ADM. JAKARTA BARAT;CENGKARENG;KEDAUNG KALI ANGKE;3
2024;7;KOTA ADM. JAKARTA BARAT;CENGKARENG;KEDAUNG KALI ANGKE;1
2024;9;KOTA ADM. JAKARTA BARAT;CENGKARENG;KEDAUNG KALI ANGKE;1
2024;10;KOTA ADM. JAKARTA BARAT;CENGKARENG;KEDAUNG KALI ANGKE;1
2024;1;KOTA ADM. JAKARTA BARAT;CENGKARENG;RAWA BUAYA;1
2024;2;KOTA ADM. JAKARTA BARAT;CENGKARENG;RAWA BUAYA;1
2024;3;KOTA ADM. JAKARTA BARAT;CENGKARENG;RAWA BUAYA;1
2024;5;KOTA ADM. JAKARTA BARAT;CENGKARENG;RAWA BUAYA;5
2024;8;KOTA ADM. JAKARTA BARAT;CENGKARENG;RAWA BUAYA;1
2024;9;KOTA ADM. JAKARTA BARAT;CENGKARENG;RAWA BUAYA;1
2024;10;KOTA ADM. JAKARTA BARAT;CENGKARENG;RAWA BUAYA;1
2024;11;KOTA ADM. JAKARTA BARAT;CENGKARENG;RAWA BUAYA;1
2024;12;KOTA ADM. JAKARTA BARAT;CENGKARENG;RAWA BUAYA;1
2024;3;KOTA ADM. JAKARTA BARAT;GROGOL PETAMBURAN;GROGOL;1
2024;6;KOTA ADM. JAKARTA BARAT;GROGOL PETAMBURAN;GROGOL;2
2024;9;KOTA ADM. JAKARTA BARAT;GROGOL PETAMBURAN;GROGOL;2
2024;10;KOTA ADM. JAKARTA BARAT;GROGOL PETAMBURAN;GROGOL;1
2024;1;KOTA ADM. JAKARTA BARAT;GROGOL PETAMBURAN;JELAMBAR;2
2024;2;KOTA ADM. JAKARTA BARAT;GROGOL PETAMBURAN;JELAMBAR;2
2024;3;KOTA ADM. JAKARTA BARAT;GROGOL PETAMBURAN;JELAMBAR;1
2024;7;KOTA ADM. JAKARTA BARAT;GROGOL PETAMBURAN;JELAMBAR;2
2024;8;KOTA ADM. JAKARTA BARAT;GROGOL PETAMBURAN;JELAMBAR;1
2024;1;KOTA ADM. JAKARTA BARAT;GROGOL PETAMBURAN;JELAMBAR BARU;2
2024;2;KOTA ADM. JAKARTA BARAT;GROGOL PETAMBURAN;JELAMBAR BARU;1
2024;4;KOTA ADM. JAKARTA BARAT;GROGOL PETAMBURAN;JELAMBAR BARU;2
2024;7;KOTA ADM. JAKARTA BARAT;GROGOL PETAMBURAN;JELAMBAR BARU;1
2024;8;KOTA ADM. JAKARTA BARAT;GROGOL PETAMBURAN;JELAMBAR BARU;3
2024;10;KOTA ADM. JAKARTA BARAT;GROGOL PETAMBURAN;JELAMBAR BARU;2
2024;4;KOTA ADM. JAKARTA BARAT;GROGOL PETAMBURAN;TANJUNG DUREN SELATAN;1
2024;10;KOTA ADM. JAKARTA BARAT;GROGOL PETAMBURAN;TANJUNG DUREN SELATAN;1
2024;12;KOTA ADM. JAKARTA BARAT;GROGOL PETAMBURAN;TANJUNG DUREN SELATAN;1
2024;3;KOTA ADM. JAKARTA BARAT;GROGOL PETAMBURAN;TANJUNG DUREN UTARA;1
2024;7;KOTA ADM. JAKARTA BARAT;GROGOL PETAMBURAN;TANJUNG DUREN UTARA;1
2024;8;KOTA ADM. JAKARTA BARAT;GROGOL PETAMBURAN;TANJUNG DUREN UTARA;2
2024;10;KOTA ADM. JAKARTA BARAT;GROGOL PETAMBURAN;TANJUNG DUREN UTARA;2
2024;11;KOTA ADM. JAKARTA BARAT;GROGOL PETAMBURAN;TANJUNG DUREN UTARA;1
2024;1;KOTA ADM. JAKARTA BARAT;GROGOL PETAMBURAN;TOMANG;1
2024;3;KOTA ADM. JAKARTA BARAT;GROGOL PETAMBURAN;TOMANG;2
2024;7;KOTA ADM. JAKARTA BARAT;GROGOL PETAMBURAN;TOMANG;1
2024;8;KOTA ADM. JAKARTA BARAT;GROGOL PETAMBURAN;TOMANG;2
2024;9;KOTA ADM. JAKARTA BARAT;GROGOL PETAMBURAN;TOMANG;1
2024;12;KOTA ADM. JAKARTA BARAT;GROGOL PETAMBURAN;TOMANG;2
2024;2;KOTA ADM. JAKARTA BARAT;GROGOL PETAMBURAN;WIJAYA KUSUMA;2
2024;6;KOTA ADM. JAKARTA BARAT;GROGOL PETAMBURAN;WIJAYA KUSUMA;1
2024;8;KOTA ADM. JAKARTA BARAT;GROGOL PETAMBURAN;WIJAYA KUSUMA;2
2024;9;KOTA ADM. JAKARTA BARAT;GROGOL PETAMBURAN;WIJAYA KUSUMA;1
2024;10;KOTA ADM. JAKARTA BARAT;GROGOL PETAMBURAN;WIJAYA KUSUMA;2
2024;3;KOTA ADM. JAKARTA BARAT;KALIDERES;KALIDERES;1
2024;5;KOTA ADM. JAKARTA BARAT;KALIDERES;KALIDERES;1
2024;7;KOTA ADM. JAKARTA BARAT;KALIDERES;KALIDERES;3
2024;8;KOTA ADM. JAKARTA BARAT;KALIDERES;KALIDERES;3
2024;9;KOTA ADM. JAKARTA BARAT;KALIDERES;KALIDERES;1
2024;10;KOTA ADM. JAKARTA BARAT;KALIDERES;KALIDERES;1
2024;2;KOTA ADM. JAKARTA BARAT;KALIDERES;KAMAL;2
2024;3;KOTA ADM. JAKARTA BARAT;KALIDERES;KAMAL;2
2024;4;KOTA ADM. JAKARTA BARAT;KALIDERES;KAMAL;1
2024;5;KOTA ADM. JAKARTA BARAT;KALIDERES;KAMAL;2
2024;6;KOTA ADM. JAKARTA BARAT;KALIDERES;KAMAL;1
2024;9;KOTA ADM. JAKARTA BARAT;KALIDERES;KAMAL;8
2024;10;KOTA ADM. JAKARTA BARAT;KALIDERES;KAMAL;2
2024;11;KOTA ADM. JAKARTA BARAT;KALIDERES;KAMAL;4
2024;2;KOTA ADM. JAKARTA BARAT;KALIDERES;PEGADUNGAN;2
2024;3;KOTA ADM. JAKARTA BARAT;KALIDERES;PEGADUNGAN;1
2024;4;KOTA ADM. JAKARTA BARAT;KALIDERES;PEGADUNGAN;1
2024;5;KOTA ADM. JAKARTA BARAT;KALIDERES;PEGADUNGAN;3
2024;6;KOTA ADM. JAKARTA BARAT;KALIDERES;PEGADUNGAN;3
2024;7;KOTA ADM. JAKARTA BARAT;KALIDERES;PEGADUNGAN;1
2024;8;KOTA ADM. JAKARTA BARAT;KALIDERES;PEGADUNGAN;3
2024;9;KOTA ADM. JAKARTA BARAT;KALIDERES;PEGADUNGAN;2
2024;10;KOTA ADM. JAKARTA BARAT;KALIDERES;PEGADUNGAN;2
2024;11;KOTA ADM. JAKARTA BARAT;KALIDERES;PEGADUNGAN;1
2024;12;KOTA ADM. JAKARTA BARAT;KALIDERES;PEGADUNGAN;2
2024;3;KOTA ADM. JAKARTA BARAT;KALIDERES;SEMANAN;1
2024;5;KOTA ADM. JAKARTA BARAT;KALIDERES;SEMANAN;1
2024;8;KOTA ADM. JAKARTA BARAT;KALIDERES;SEMANAN;1
2024;9;KOTA ADM. JAKARTA BARAT;KALIDERES;SEMANAN;1
2024;11;KOTA ADM. JAKARTA BARAT;KALIDERES;SEMANAN;1
2024;12;KOTA ADM. JAKARTA BARAT;KALIDERES;SEMANAN;1
2024;1;KOTA ADM. JAKARTA BARAT;KALIDERES;TEGAL ALUR;2
2024;2;KOTA ADM. JAKARTA BARAT;KALIDERES;TEGAL ALUR;1
2024;3;KOTA ADM. JAKARTA BARAT;KALIDERES;TEGAL ALUR;1
2024;5;KOTA ADM. JAKARTA BARAT;KALIDERES;TEGAL ALUR;5
2024;7;KOTA ADM. JAKARTA BARAT;KALIDERES;TEGAL ALUR;2
2024;8;KOTA ADM. JAKARTA BARAT;KALIDERES;TEGAL ALUR;4
2024;9;KOTA ADM. JAKARTA BARAT;KALIDERES;TEGAL ALUR;1
2024;10;KOTA ADM. JAKARTA BARAT;KALIDERES;TEGAL ALUR;1
2024;11;KOTA ADM. JAKARTA BARAT;KALIDERES;TEGAL ALUR;2
2024;2;KOTA ADM. JAKARTA BARAT;KEBUN JERUK;DURI KEPA;1
2024;3;KOTA ADM. JAKARTA BARAT;KEBUN JERUK;DURI KEPA;1
2024;5;KOTA ADM. JAKARTA BARAT;KEBUN JERUK;DURI KEPA;3
2024;7;KOTA ADM. JAKARTA BARAT;KEBUN JERUK;DURI KEPA;1
2024;8;KOTA ADM. JAKARTA BARAT;KEBUN JERUK;DURI KEPA;3
2024;9;KOTA ADM. JAKARTA BARAT;KEBUN JERUK;DURI KEPA;2
2024;10;KOTA ADM. JAKARTA BARAT;KEBUN JERUK;DURI KEPA;1
2024;11;KOTA ADM. JAKARTA BARAT;KEBUN JERUK;DURI KEPA;1
2024;1;KOTA ADM. JAKARTA BARAT;KEBUN JERUK;KEBON JERUK;1
2024;3;KOTA ADM. JAKARTA BARAT;KEBUN JERUK;KEBON JERUK;4
2024;4;KOTA ADM. JAKARTA BARAT;KEBUN JERUK;KEBON JERUK;1
2024;6;KOTA ADM. JAKARTA BARAT;KEBUN JERUK;KEBON JERUK;3
2024;8;KOTA ADM. JAKARTA BARAT;KEBUN JERUK;KEBON JERUK;1
2024;9;KOTA ADM. JAKARTA BARAT;KEBUN JERUK;KEBON JERUK;1
2024;10;KOTA ADM. JAKARTA BARAT;KEBUN JERUK;KEBON JERUK;2
2024;1;KOTA ADM. JAKARTA BARAT;KEBUN JERUK;KEDOYA SELATAN;3
2024;2;KOTA ADM. JAKARTA BARAT;KEBUN JERUK;KEDOYA SELATAN;1
2024;3;KOTA ADM. JAKARTA BARAT;KEBUN JERUK;KEDOYA SELATAN;3
2024;4;KOTA ADM. JAKARTA BARAT;KEBUN JERUK;KEDOYA SELATAN;1
2024;5;KOTA ADM. JAKARTA BARAT;KEBUN JERUK;KEDOYA SELATAN;2
2024;6;KOTA ADM. JAKARTA BARAT;KEBUN JERUK;KEDOYA SELATAN;3
2024;7;KOTA ADM. JAKARTA BARAT;KEBUN JERUK;KEDOYA SELATAN;1
2024;9;KOTA ADM. JAKARTA BARAT;KEBUN JERUK;KEDOYA SELATAN;4
2024;10;KOTA ADM. JAKARTA BARAT;KEBUN JERUK;KEDOYA SELATAN;4
2024;11;KOTA ADM. JAKARTA BARAT;KEBUN JERUK;KEDOYA SELATAN;2
2024;12;KOTA ADM. JAKARTA BARAT;KEBUN JERUK;KEDOYA SELATAN;2
2024;3;KOTA ADM. JAKARTA BARAT;KEBUN JERUK;KEDOYA UTARA;1
2024;4;KOTA ADM. JAKARTA BARAT;KEBUN JERUK;KEDOYA UTARA;1
2024;5;KOTA ADM. JAKARTA BARAT;KEBUN JERUK;KEDOYA UTARA;1
2024;6;KOTA ADM. JAKARTA BARAT;KEBUN JERUK;KEDOYA UTARA;2
2024;10;KOTA ADM. JAKARTA BARAT;KEBUN JERUK;KEDOYA UTARA;1
2024;11;KOTA ADM. JAKARTA BARAT;KEBUN JERUK;KEDOYA UTARA;1
2024;5;KOTA ADM. JAKARTA BARAT;KEBUN JERUK;KELAPA DUA;1
2024;6;KOTA ADM. JAKARTA BARAT;KEBUN JERUK;KELAPA DUA;1
2024;10;KOTA ADM. JAKARTA BARAT;KEBUN JERUK;KELAPA DUA;1
2024;11;KOTA ADM. JAKARTA BARAT;KEBUN JERUK;KELAPA DUA;1
2024;1;KOTA ADM. JAKARTA BARAT;KEBUN JERUK;SUKABUMI SELATAN;1
2024;2;KOTA ADM. JAKARTA BARAT;KEBUN JERUK;SUKABUMI SELATAN;1
2024;3;KOTA ADM. JAKARTA BARAT;KEBUN JERUK;SUKABUMI SELATAN;1
2024;8;KOTA ADM. JAKARTA BARAT;KEBUN JERUK;SUKABUMI SELATAN;1
2024;10;KOTA ADM. JAKARTA BARAT;KEBUN JERUK;SUKABUMI SELATAN;1
2024;12;KOTA ADM. JAKARTA BARAT;KEBUN JERUK;SUKABUMI SELATAN;2
2024;1;KOTA ADM. JAKARTA BARAT;KEBUN JERUK;SUKABUMI UTARA;1
2024;6;KOTA ADM. JAKARTA BARAT;KEBUN JERUK;SUKABUMI UTARA;2
2024;7;KOTA ADM. JAKARTA BARAT;KEBUN JERUK;SUKABUMI UTARA;1
2024;8;KOTA ADM. JAKARTA BARAT;KEBUN JERUK;SUKABUMI UTARA;1
2024;9;KOTA ADM. JAKARTA BARAT;KEBUN JERUK;SUKABUMI UTARA;1
2024;11;KOTA ADM. JAKARTA BARAT;KEBUN JERUK;SUKABUMI UTARA;2
2024;1;KOTA ADM. JAKARTA BARAT;KEMBANGAN;JOGLO;1
2024;2;KOTA ADM. JAKARTA BARAT;KEMBANGAN;JOGLO;2
2024;3;KOTA ADM. JAKARTA BARAT;KEMBANGAN;JOGLO;1
2024;4;KOTA ADM. JAKARTA BARAT;KEMBANGAN;JOGLO;1
2024;5;KOTA ADM. JAKARTA BARAT;KEMBANGAN;JOGLO;1
2024;6;KOTA ADM. JAKARTA BARAT;KEMBANGAN;JOGLO;3
2024;7;KOTA ADM. JAKARTA BARAT;KEMBANGAN;JOGLO;2
2024;8;KOTA ADM. JAKARTA BARAT;KEMBANGAN;JOGLO;3
2024;9;KOTA ADM. JAKARTA BARAT;KEMBANGAN;JOGLO;1
2024;11;KOTA ADM. JAKARTA BARAT;KEMBANGAN;JOGLO;1
2024;1;KOTA ADM. JAKARTA BARAT;KEMBANGAN;KEMBANGAN SELATAN;2
2024;4;KOTA ADM. JAKARTA BARAT;KEMBANGAN;KEMBANGAN SELATAN;5
2024;5;KOTA ADM. JAKARTA BARAT;KEMBANGAN;KEMBANGAN SELATAN;1
2024;7;KOTA ADM. JAKARTA BARAT;KEMBANGAN;KEMBANGAN SELATAN;1
2024;8;KOTA ADM. JAKARTA BARAT;KEMBANGAN;KEMBANGAN SELATAN;5
2024;9;KOTA ADM. JAKARTA BARAT;KEMBANGAN;KEMBANGAN SELATAN;2
2024;10;KOTA ADM. JAKARTA BARAT;KEMBANGAN;KEMBANGAN SELATAN;3
2024;3;KOTA ADM. JAKARTA BARAT;KEMBANGAN;KEMBANGAN UTARA;2
2024;4;KOTA ADM. JAKARTA BARAT;KEMBANGAN;KEMBANGAN UTARA;2
2024;5;KOTA ADM. JAKARTA BARAT;KEMBANGAN;KEMBANGAN UTARA;1
2024;6;KOTA ADM. JAKARTA BARAT;KEMBANGAN;KEMBANGAN UTARA;1
2024;7;KOTA ADM. JAKARTA BARAT;KEMBANGAN;KEMBANGAN UTARA;1
2024;10;KOTA ADM. JAKARTA BARAT;KEMBANGAN;KEMBANGAN UTARA;1
2024;7;KOTA ADM. JAKARTA BARAT;KEMBANGAN;MERUYA SELATAN;2
2024;8;KOTA ADM. JAKARTA BARAT;KEMBANGAN;MERUYA SELATAN;1
2024;1;KOTA ADM. JAKARTA SELATAN;PASAR MINGGU;PEJATEN TIMUR;2
2024;2;KOTA ADM. JAKARTA SELATAN;PASAR MINGGU;PEJATEN TIMUR;1
2024;6;KOTA ADM. JAKARTA SELATAN;PASAR MINGGU;PEJATEN TIMUR;1
2024;1;KOTA ADM. JAKARTA SELATAN;PASAR MINGGU;RAGUNAN;2
2024;2;KOTA ADM. JAKARTA SELATAN;PASAR MINGGU;RAGUNAN;3
2024;3;KOTA ADM. JAKARTA SELATAN;PASAR MINGGU;RAGUNAN;1
2024;6;KOTA ADM. JAKARTA SELATAN;PASAR MINGGU;RAGUNAN;1
2024;8;KOTA ADM. JAKARTA SELATAN;PASAR MINGGU;RAGUNAN;1
2024;10;KOTA ADM. JAKARTA SELATAN;PASAR MINGGU;RAGUNAN;1
2024;2;KOTA ADM. JAKARTA SELATAN;PESANGGRAHAN;BINTARO;1
2024;3;KOTA ADM. JAKARTA SELATAN;PESANGGRAHAN;BINTARO;1
2024;4;KOTA ADM. JAKARTA SELATAN;PESANGGRAHAN;BINTARO;3
2024;5;KOTA ADM. JAKARTA SELATAN;PESANGGRAHAN;BINTARO;2
2024;6;KOTA ADM. JAKARTA SELATAN;PESANGGRAHAN;BINTARO;1
2024;7;KOTA ADM. JAKARTA SELATAN;PESANGGRAHAN;BINTARO;2
2024;10;KOTA ADM. JAKARTA SELATAN;PESANGGRAHAN;BINTARO;2
2024;11;KOTA ADM. JAKARTA SELATAN;PESANGGRAHAN;BINTARO;3
2024;1;KOTA ADM. JAKARTA SELATAN;PESANGGRAHAN;PESANGGRAHAN;1
2024;4;KOTA ADM. JAKARTA SELATAN;PESANGGRAHAN;PESANGGRAHAN;1
2024;7;KOTA ADM. JAKARTA SELATAN;PESANGGRAHAN;PESANGGRAHAN;3
2024;9;KOTA ADM. JAKARTA SELATAN;PESANGGRAHAN;PESANGGRAHAN;2
2024;1;KOTA ADM. JAKARTA SELATAN;PESANGGRAHAN;PETUKANGAN SELATAN;1
2024;5;KOTA ADM. JAKARTA SELATAN;PESANGGRAHAN;PETUKANGAN SELATAN;2
2024;6;KOTA ADM. JAKARTA SELATAN;PESANGGRAHAN;PETUKANGAN SELATAN;1
2024;8;KOTA ADM. JAKARTA SELATAN;PESANGGRAHAN;PETUKANGAN SELATAN;1
2024;9;KOTA ADM. JAKARTA SELATAN;PESANGGRAHAN;PETUKANGAN SELATAN;9
2024;10;KOTA ADM. JAKARTA SELATAN;PESANGGRAHAN;PETUKANGAN SELATAN;2
2024;11;KOTA ADM. JAKARTA SELATAN;PESANGGRAHAN;PETUKANGAN SELATAN;1
2024;12;KOTA ADM. JAKARTA SELATAN;PESANGGRAHAN;PETUKANGAN SELATAN;2
2024;1;KOTA ADM. JAKARTA SELATAN;PESANGGRAHAN;PETUKANGAN UTARA;1
2024;3;KOTA ADM. JAKARTA SELATAN;PESANGGRAHAN;PETUKANGAN UTARA;3
2024;7;KOTA ADM. JAKARTA SELATAN;PESANGGRAHAN;PETUKANGAN UTARA;1
2024;8;KOTA ADM. JAKARTA SELATAN;PESANGGRAHAN;PETUKANGAN UTARA;1
2024;11;KOTA ADM. JAKARTA SELATAN;PESANGGRAHAN;PETUKANGAN UTARA;2
2024;1;KOTA ADM. JAKARTA SELATAN;PESANGGRAHAN;ULUJAMI;2
2024;2;KOTA ADM. JAKARTA SELATAN;PESANGGRAHAN;ULUJAMI;3
2024;5;KOTA ADM. JAKARTA SELATAN;PESANGGRAHAN;ULUJAMI;1
2024;7;KOTA ADM. JAKARTA SELATAN;PESANGGRAHAN;ULUJAMI;2
2024;10;KOTA ADM. JAKARTA SELATAN;PESANGGRAHAN;ULUJAMI;1
2024;10;KOTA ADM. JAKARTA SELATAN;SETIABUDI;GUNTUR;1
2024;11;KOTA ADM. JAKARTA SELATAN;SETIABUDI;GUNTUR;1
2024;2;KOTA ADM. JAKARTA SELATAN;SETIABUDI;KARET;1
2024;3;KOTA ADM. JAKARTA SELATAN;SETIABUDI;KARET KUNINGAN;1
2024;4;KOTA ADM. JAKARTA SELATAN;SETIABUDI;KARET KUNINGAN;1
2024;5;KOTA ADM. JAKARTA SELATAN;SETIABUDI;KARET KUNINGAN;1
2024;7;KOTA ADM. JAKARTA SELATAN;SETIABUDI;KARET KUNINGAN;1
2024;8;KOTA ADM. JAKARTA SELATAN;SETIABUDI;KARET KUNINGAN;1
2024;9;KOTA ADM. JAKARTA SELATAN;SETIABUDI;KARET KUNINGAN;1
2024;10;KOTA ADM. JAKARTA SELATAN;SETIABUDI;KARET KUNINGAN;1
2024;12;KOTA ADM. JAKARTA SELATAN;SETIABUDI;KARET KUNINGAN;1
2024;3;KOTA ADM. JAKARTA SELATAN;SETIABUDI;KARET SEMANGGI;1
2024;8;KOTA ADM. JAKARTA SELATAN;SETIABUDI;KARET SEMANGGI;1
2024;1;KOTA ADM. JAKARTA SELATAN;SETIABUDI;KUNINGAN TIMUR;1
2024;3;KOTA ADM. JAKARTA SELATAN;SETIABUDI;KUNINGAN TIMUR;2
2024;4;KOTA ADM. JAKARTA SELATAN;SETIABUDI;KUNINGAN TIMUR;1
2024;9;KOTA ADM. JAKARTA SELATAN;SETIABUDI;KUNINGAN TIMUR;1
2024;10;KOTA ADM. JAKARTA SELATAN;SETIABUDI;KUNINGAN TIMUR;1
2024;1;KOTA ADM. JAKARTA SELATAN;SETIABUDI;MENTENG ATAS;1
2024;2;KOTA ADM. JAKARTA SELATAN;SETIABUDI;MENTENG ATAS;1
2024;5;KOTA ADM. JAKARTA SELATAN;SETIABUDI;MENTENG ATAS;1
2024;8;KOTA ADM. JAKARTA SELATAN;SETIABUDI;MENTENG ATAS;1
2024;10;KOTA ADM. JAKARTA SELATAN;SETIABUDI;MENTENG ATAS;1
2024;1;KOTA ADM. JAKARTA SELATAN;SETIABUDI;PASAR MANGGIS;1
2024;3;KOTA ADM. JAKARTA SELATAN;SETIABUDI;PASAR MANGGIS;1
2024;9;KOTA ADM. JAKARTA SELATAN;SETIABUDI;PASAR MANGGIS;3
2024;11;KOTA ADM. JAKARTA SELATAN;SETIABUDI;PASAR MANGGIS;1
2024;8;KOTA ADM. JAKARTA SELATAN;SETIABUDI;SETIABUDI;1
2024;12;KOTA ADM. JAKARTA SELATAN;SETIABUDI;SETIABUDI;1
2024;9;KOTA ADM. JAKARTA SELATAN;TEBET;BUKIT DURI;1
2024;12;KOTA ADM. JAKARTA SELATAN;TEBET;BUKIT DURI;1
2024;1;KOTA ADM. JAKARTA SELATAN;TEBET;KEBON BARU;1
2024;3;KOTA ADM. JAKARTA SELATAN;TEBET;KEBON BARU;1
2024;7;KOTA ADM. JAKARTA SELATAN;TEBET;KEBON BARU;1
2024;10;KOTA ADM. JAKARTA SELATAN;TEBET;KEBON BARU;1
2024;1;KOTA ADM. JAKARTA SELATAN;TEBET;MANGGARAI;2
2024;7;KOTA ADM. JAKARTA SELATAN;TEBET;MANGGARAI;2
2024;8;KOTA ADM. JAKARTA SELATAN;TEBET;MANGGARAI;2
2024;10;KOTA ADM. JAKARTA SELATAN;TEBET;MANGGARAI;1
2024;1;KOTA ADM. JAKARTA SELATAN;TEBET;MANGGARAI SELATAN;1
2024;3;KOTA ADM. JAKARTA SELATAN;TEBET;MENTENG DALAM;2
2024;4;KOTA ADM. JAKARTA SELATAN;TEBET;MENTENG DALAM;2
2024;5;KOTA ADM. JAKARTA SELATAN;TEBET;MENTENG DALAM;1
2024;9;KOTA ADM. JAKARTA SELATAN;TEBET;MENTENG DALAM;2
2024;10;KOTA ADM. JAKARTA SELATAN;TEBET;MENTENG DALAM;2
2024;11;KOTA ADM. JAKARTA SELATAN;TEBET;MENTENG DALAM;1
2024;1;KOTA ADM. JAKARTA SELATAN;TEBET;TEBET BARAT;1
2024;2;KOTA ADM. JAKARTA SELATAN;TEBET;TEBET BARAT;1
2024;3;KOTA ADM. JAKARTA SELATAN;TEBET;TEBET BARAT;1
2024;4;KOTA ADM. JAKARTA SELATAN;TEBET;TEBET BARAT;1
2024;5;KOTA ADM. JAKARTA SELATAN;TEBET;TEBET BARAT;1
2024;6;KOTA ADM. JAKARTA SELATAN;TEBET;TEBET BARAT;1
2024;7;KOTA ADM. JAKARTA SELATAN;TEBET;TEBET BARAT;1
2024;9;KOTA ADM. JAKARTA SELATAN;TEBET;TEBET BARAT;1
2024;10;KOTA ADM. JAKARTA SELATAN;TEBET;TEBET BARAT;1
2024;3;KOTA ADM. JAKARTA SELATAN;TEBET;TEBET TIMUR;2
2024;6;KOTA ADM. JAKARTA SELATAN;TEBET;TEBET TIMUR;1
2024;8;KOTA ADM. JAKARTA SELATAN;TEBET;TEBET TIMUR;1
2024;1;KOTA ADM. JAKARTA TIMUR;CAKUNG;CAKUNG BARAT;1
2024;2;KOTA ADM. JAKARTA TIMUR;CAKUNG;CAKUNG BARAT;1
2024;3;KOTA ADM. JAKARTA TIMUR;CAKUNG;CAKUNG BARAT;1
2024;4;KOTA ADM. JAKARTA TIMUR;CAKUNG;CAKUNG BARAT;1
2024;5;KOTA ADM. JAKARTA TIMUR;CAKUNG;CAKUNG BARAT;2
2024;6;KOTA ADM. JAKARTA TIMUR;CAKUNG;CAKUNG BARAT;2
2024;8;KOTA ADM. JAKARTA TIMUR;CAKUNG;CAKUNG BARAT;1
2024;9;KOTA ADM. JAKARTA TIMUR;CAKUNG;CAKUNG BARAT;1
2024;10;KOTA ADM. JAKARTA TIMUR;CAKUNG;CAKUNG BARAT;2
2024;2;KOTA ADM. JAKARTA BARAT;TAMBORA;TANAH SEREAL;1
2024;4;KOTA ADM. JAKARTA BARAT;TAMBORA;TANAH SEREAL;1
2024;6;KOTA ADM. JAKARTA BARAT;TAMBORA;TANAH SEREAL;1
2024;7;KOTA ADM. JAKARTA BARAT;TAMBORA;TANAH SEREAL;2
2024;9;KOTA ADM. JAKARTA BARAT;TAMBORA;TANAH SEREAL;1
2024;10;KOTA ADM. JAKARTA BARAT;TAMBORA;TANAH SEREAL;1
2024;1;KOTA ADM. JAKARTA SELATAN;CILANDAK;CILANDAK BARAT;1
2024;2;KOTA ADM. JAKARTA SELATAN;CILANDAK;CILANDAK BARAT;1
2024;3;KOTA ADM. JAKARTA SELATAN;CILANDAK;CILANDAK BARAT;1
2024;4;KOTA ADM. JAKARTA SELATAN;CILANDAK;CILANDAK BARAT;3
2024;5;KOTA ADM. JAKARTA SELATAN;CILANDAK;CILANDAK BARAT;2
2024;6;KOTA ADM. JAKARTA SELATAN;CILANDAK;CILANDAK BARAT;1
2024;7;KOTA ADM. JAKARTA SELATAN;CILANDAK;CILANDAK BARAT;2
2024;8;KOTA ADM. JAKARTA SELATAN;CILANDAK;CILANDAK BARAT;1
2024;9;KOTA ADM. JAKARTA SELATAN;CILANDAK;CILANDAK BARAT;1
2024;10;KOTA ADM. JAKARTA SELATAN;CILANDAK;CILANDAK BARAT;2
2024;11;KOTA ADM. JAKARTA SELATAN;CILANDAK;CILANDAK BARAT;2
2024;1;KOTA ADM. JAKARTA SELATAN;CILANDAK;CIPETE SELATAN;1
2024;2;KOTA ADM. JAKARTA SELATAN;CILANDAK;CIPETE SELATAN;1
2024;3;KOTA ADM. JAKARTA SELATAN;CILANDAK;CIPETE SELATAN;2
2024;4;KOTA ADM. JAKARTA SELATAN;CILANDAK;CIPETE SELATAN;2
2024;6;KOTA ADM. JAKARTA SELATAN;CILANDAK;CIPETE SELATAN;4
2024;7;KOTA ADM. JAKARTA SELATAN;CILANDAK;CIPETE SELATAN;2
2024;8;KOTA ADM. JAKARTA SELATAN;CILANDAK;CIPETE SELATAN;1
2024;9;KOTA ADM. JAKARTA SELATAN;CILANDAK;CIPETE SELATAN;2
2024;10;KOTA ADM. JAKARTA SELATAN;CILANDAK;CIPETE SELATAN;3
2024;11;KOTA ADM. JAKARTA SELATAN;CILANDAK;CIPETE SELATAN;2
2024;12;KOTA ADM. JAKARTA SELATAN;CILANDAK;CIPETE SELATAN;3
2024;2;KOTA ADM. JAKARTA SELATAN;CILANDAK;GANDARIA SELATAN;2
2024;6;KOTA ADM. JAKARTA SELATAN;CILANDAK;GANDARIA SELATAN;1
2024;7;KOTA ADM. JAKARTA SELATAN;CILANDAK;GANDARIA SELATAN;1
2024;3;KOTA ADM. JAKARTA SELATAN;CILANDAK;LEBAK BULUS;1
2024;7;KOTA ADM. JAKARTA SELATAN;CILANDAK;LEBAK BULUS;2
2024;8;KOTA ADM. JAKARTA SELATAN;CILANDAK;LEBAK BULUS;5
2024;9;KOTA ADM. JAKARTA SELATAN;CILANDAK;LEBAK BULUS;3
2024;11;KOTA ADM. JAKARTA SELATAN;CILANDAK;LEBAK BULUS;5
2024;12;KOTA ADM. JAKARTA SELATAN;CILANDAK;LEBAK BULUS;1
2024;1;KOTA ADM. JAKARTA SELATAN;CILANDAK;PONDOK LABU;2
2024;3;KOTA ADM. JAKARTA SELATAN;CILANDAK;PONDOK LABU;1
2024;4;KOTA ADM. JAKARTA SELATAN;CILANDAK;PONDOK LABU;2
2024;5;KOTA ADM. JAKARTA SELATAN;CILANDAK;PONDOK LABU;1
2024;7;KOTA ADM. JAKARTA SELATAN;CILANDAK;PONDOK LABU;2
2024;9;KOTA ADM. JAKARTA SELATAN;CILANDAK;PONDOK LABU;1
2024;10;KOTA ADM. JAKARTA SELATAN;CILANDAK;PONDOK LABU;1
2024;11;KOTA ADM. JAKARTA SELATAN;CILANDAK;PONDOK LABU;1
2024;1;KOTA ADM. JAKARTA SELATAN;JAGAKARSA;CIGANJUR;2
2024;4;KOTA ADM. JAKARTA SELATAN;JAGAKARSA;CIGANJUR;1
2024;5;KOTA ADM. JAKARTA SELATAN;JAGAKARSA;CIGANJUR;2
2024;6;KOTA ADM. JAKARTA SELATAN;JAGAKARSA;CIGANJUR;1
2024;7;KOTA ADM. JAKARTA SELATAN;JAGAKARSA;CIGANJUR;1
2024;8;KOTA ADM. JAKARTA SELATAN;JAGAKARSA;CIGANJUR;2
2024;9;KOTA ADM. JAKARTA SELATAN;JAGAKARSA;CIGANJUR;2
2024;10;KOTA ADM. JAKARTA SELATAN;JAGAKARSA;CIGANJUR;2
2024;11;KOTA ADM. JAKARTA SELATAN;JAGAKARSA;CIGANJUR;1
2024;12;KOTA ADM. JAKARTA SELATAN;JAGAKARSA;CIGANJUR;1
2024;5;KOTA ADM. JAKARTA SELATAN;JAGAKARSA;CIPEDAK;1
2024;6;KOTA ADM. JAKARTA SELATAN;JAGAKARSA;CIPEDAK;1
2024;7;KOTA ADM. JAKARTA SELATAN;JAGAKARSA;CIPEDAK;1
2024;8;KOTA ADM. JAKARTA SELATAN;JAGAKARSA;CIPEDAK;2
2024;9;KOTA ADM. JAKARTA SELATAN;JAGAKARSA;CIPEDAK;1
2024;10;KOTA ADM. JAKARTA SELATAN;JAGAKARSA;CIPEDAK;1
2024;1;KOTA ADM. JAKARTA SELATAN;JAGAKARSA;JAGAKARSA;2
2024;2;KOTA ADM. JAKARTA SELATAN;JAGAKARSA;JAGAKARSA;1
2024;3;KOTA ADM. JAKARTA SELATAN;JAGAKARSA;JAGAKARSA;2
2024;4;KOTA ADM. JAKARTA SELATAN;JAGAKARSA;JAGAKARSA;1
2024;5;KOTA ADM. JAKARTA SELATAN;JAGAKARSA;JAGAKARSA;1
2024;7;KOTA ADM. JAKARTA SELATAN;JAGAKARSA;JAGAKARSA;3
2024;8;KOTA ADM. JAKARTA SELATAN;JAGAKARSA;JAGAKARSA;2
2024;9;KOTA ADM. JAKARTA SELATAN;JAGAKARSA;JAGAKARSA;3
2024;11;KOTA ADM. JAKARTA SELATAN;JAGAKARSA;JAGAKARSA;1
2024;12;KOTA ADM. JAKARTA SELATAN;JAGAKARSA;JAGAKARSA;1
2024;4;KOTA ADM. JAKARTA SELATAN;JAGAKARSA;LENTENG AGUNG;1
2024;5;KOTA ADM. JAKARTA SELATAN;JAGAKARSA;LENTENG AGUNG;1
2024;7;KOTA ADM. JAKARTA SELATAN;JAGAKARSA;LENTENG AGUNG;1
2024;9;KOTA ADM. JAKARTA SELATAN;JAGAKARSA;LENTENG AGUNG;1
2024;10;KOTA ADM. JAKARTA SELATAN;JAGAKARSA;LENTENG AGUNG;3
2024;11;KOTA ADM. JAKARTA SELATAN;JAGAKARSA;LENTENG AGUNG;3
2024;1;KOTA ADM. JAKARTA SELATAN;JAGAKARSA;SRENGSENG SAWAH;1
2024;3;KOTA ADM. JAKARTA SELATAN;JAGAKARSA;SRENGSENG SAWAH;1
2024;4;KOTA ADM. JAKARTA SELATAN;JAGAKARSA;SRENGSENG SAWAH;2
2024;6;KOTA ADM. JAKARTA SELATAN;JAGAKARSA;SRENGSENG SAWAH;1
2024;7;KOTA ADM. JAKARTA SELATAN;JAGAKARSA;SRENGSENG SAWAH;1
2024;9;KOTA ADM. JAKARTA SELATAN;JAGAKARSA;SRENGSENG SAWAH;2
2024;10;KOTA ADM. JAKARTA SELATAN;JAGAKARSA;SRENGSENG SAWAH;1
2024;1;KOTA ADM. JAKARTA SELATAN;JAGAKARSA;TANJUNG BARAT;1
2024;2;KOTA ADM. JAKARTA SELATAN;JAGAKARSA;TANJUNG BARAT;1
2024;4;KOTA ADM. JAKARTA SELATAN;JAGAKARSA;TANJUNG BARAT;1
2024;7;KOTA ADM. JAKARTA SELATAN;JAGAKARSA;TANJUNG BARAT;1
2024;9;KOTA ADM. JAKARTA SELATAN;JAGAKARSA;TANJUNG BARAT;1
2024;10;KOTA ADM. JAKARTA SELATAN;JAGAKARSA;TANJUNG BARAT;5
2024;12;KOTA ADM. JAKARTA SELATAN;JAGAKARSA;TANJUNG BARAT;1
2024;1;KOTA ADM. JAKARTA SELATAN;KEBAYORAN BARU;CIPETE UTARA;1
2024;3;KOTA ADM. JAKARTA SELATAN;KEBAYORAN BARU;CIPETE UTARA;1
2024;5;KOTA ADM. JAKARTA SELATAN;KEBAYORAN BARU;CIPETE UTARA;1
2024;8;KOTA ADM. JAKARTA SELATAN;KEBAYORAN BARU;CIPETE UTARA;1
2024;10;KOTA ADM. JAKARTA SELATAN;KEBAYORAN BARU;CIPETE UTARA;3
2024;11;KOTA ADM. JAKARTA SELATAN;KEBAYORAN BARU;CIPETE UTARA;2
2024;12;KOTA ADM. JAKARTA SELATAN;KEBAYORAN BARU;CIPETE UTARA;1
2024;2;KOTA ADM. JAKARTA SELATAN;KEBAYORAN BARU;GANDARIA UTARA;2
2024;3;KOTA ADM. JAKARTA SELATAN;KEBAYORAN BARU;GANDARIA UTARA;1
2024;4;KOTA ADM. JAKARTA SELATAN;KEBAYORAN BARU;GANDARIA UTARA;2
2024;5;KOTA ADM. JAKARTA SELATAN;KEBAYORAN BARU;GANDARIA UTARA;2
2024;6;KOTA ADM. JAKARTA SELATAN;KEBAYORAN BARU;GANDARIA UTARA;1
2024;7;KOTA ADM. JAKARTA SELATAN;KEBAYORAN BARU;GANDARIA UTARA;1
2024;3;KOTA ADM. JAKARTA SELATAN;KEBAYORAN BARU;GUNUNG;2
2024;4;KOTA ADM. JAKARTA SELATAN;KEBAYORAN BARU;GUNUNG;1
2024;6;KOTA ADM. JAKARTA SELATAN;KEBAYORAN BARU;GUNUNG;1
2024;8;KOTA ADM. JAKARTA SELATAN;KEBAYORAN BARU;GUNUNG;1
2024;10;KOTA ADM. JAKARTA SELATAN;KEBAYORAN BARU;GUNUNG;2
2024;1;KOTA ADM. JAKARTA SELATAN;KEBAYORAN BARU;KRAMAT PELA;1
2024;5;KOTA ADM. JAKARTA SELATAN;KEBAYORAN BARU;KRAMAT PELA;1
2024;7;KOTA ADM. JAKARTA SELATAN;KEBAYORAN BARU;KRAMAT PELA;1
2024;9;KOTA ADM. JAKARTA SELATAN;KEBAYORAN BARU;KRAMAT PELA;2
2024;10;KOTA ADM. JAKARTA SELATAN;KEBAYORAN BARU;KRAMAT PELA;1
2024;11;KOTA ADM. JAKARTA SELATAN;KEBAYORAN BARU;KRAMAT PELA;2
2024;12;KOTA ADM. JAKARTA SELATAN;KEBAYORAN BARU;KRAMAT PELA;2
2024;5;KOTA ADM. JAKARTA SELATAN;KEBAYORAN BARU;MELAWAI;1
2024;9;KOTA ADM. JAKARTA SELATAN;KEBAYORAN BARU;MELAWAI;1
2024;10;KOTA ADM. JAKARTA SELATAN;KEBAYORAN BARU;MELAWAI;1
2024;11;KOTA ADM. JAKARTA SELATAN;KEBAYORAN BARU;MELAWAI;1
2024;1;KOTA ADM. JAKARTA SELATAN;KEBAYORAN BARU;PETOGOGAN;1
2024;7;KOTA ADM. JAKARTA SELATAN;KEBAYORAN BARU;PETOGOGAN;1
2024;10;KOTA ADM. JAKARTA SELATAN;KEBAYORAN BARU;PETOGOGAN;2
2024;11;KOTA ADM. JAKARTA SELATAN;KEBAYORAN BARU;PETOGOGAN;1
2024;12;KOTA ADM. JAKARTA SELATAN;KEBAYORAN BARU;PETOGOGAN;1
2024;1;KOTA ADM. JAKARTA SELATAN;KEBAYORAN BARU;PULO;1
2024;2;KOTA ADM. JAKARTA SELATAN;KEBAYORAN BARU;PULO;1
2024;6;KOTA ADM. JAKARTA SELATAN;KEBAYORAN BARU;PULO;2
2024;8;KOTA ADM. JAKARTA SELATAN;KEBAYORAN BARU;PULO;1
2024;9;KOTA ADM. JAKARTA SELATAN;KEBAYORAN BARU;PULO;1
2024;11;KOTA ADM. JAKARTA SELATAN;KEBAYORAN BARU;PULO;1
2024;12;KOTA ADM. JAKARTA SELATAN;KEBAYORAN BARU;PULO;1
2024;1;KOTA ADM. JAKARTA SELATAN;KEBAYORAN BARU;RAWA BARAT;1
2024;8;KOTA ADM. JAKARTA SELATAN;KEBAYORAN BARU;RAWA BARAT;1
2024;10;KOTA ADM. JAKARTA SELATAN;KEBAYORAN BARU;RAWA BARAT;1
2024;1;KOTA ADM. JAKARTA SELATAN;KEBAYORAN BARU;SELONG;1
2024;3;KOTA ADM. JAKARTA SELATAN;KEBAYORAN BARU;SELONG;1
2024;4;KOTA ADM. JAKARTA SELATAN;KEBAYORAN BARU;SELONG;1
2024;7;KOTA ADM. JAKARTA SELATAN;KEBAYORAN BARU;SELONG;1
2024;10;KOTA ADM. JAKARTA SELATAN;KEBAYORAN BARU;SELONG;1
2024;6;KOTA ADM. JAKARTA SELATAN;KEBAYORAN BARU;SENAYAN;1
2024;12;KOTA ADM. JAKARTA SELATAN;KEBAYORAN BARU;SENAYAN;1
2024;1;KOTA ADM. JAKARTA SELATAN;KEBAYORAN LAMA;CIPULIR;1
2024;2;KOTA ADM. JAKARTA SELATAN;KEBAYORAN LAMA;CIPULIR;1
2024;7;KOTA ADM. JAKARTA SELATAN;KEBAYORAN LAMA;CIPULIR;1
2024;9;KOTA ADM. JAKARTA SELATAN;KEBAYORAN LAMA;CIPULIR;1
2024;10;KOTA ADM. JAKARTA SELATAN;KEBAYORAN LAMA;CIPULIR;1
2024;11;KOTA ADM. JAKARTA SELATAN;KEBAYORAN LAMA;CIPULIR;2
2024;2;KOTA ADM. JAKARTA SELATAN;KEBAYORAN LAMA;GROGOL SELATAN;1
2024;4;KOTA ADM. JAKARTA SELATAN;KEBAYORAN LAMA;GROGOL SELATAN;3
2024;6;KOTA ADM. JAKARTA SELATAN;KEBAYORAN LAMA;GROGOL SELATAN;1
2024;7;KOTA ADM. JAKARTA SELATAN;KEBAYORAN LAMA;GROGOL SELATAN;1
2024;8;KOTA ADM. JAKARTA SELATAN;KEBAYORAN LAMA;GROGOL SELATAN;3
2024;10;KOTA ADM. JAKARTA SELATAN;KEBAYORAN LAMA;GROGOL SELATAN;1
2024;12;KOTA ADM. JAKARTA SELATAN;KEBAYORAN LAMA;GROGOL SELATAN;1
2024;6;KOTA ADM. JAKARTA SELATAN;KEBAYORAN LAMA;GROGOL UTARA;1
2024;7;KOTA ADM. JAKARTA SELATAN;KEBAYORAN LAMA;GROGOL UTARA;2
2024;8;KOTA ADM. JAKARTA SELATAN;KEBAYORAN LAMA;GROGOL UTARA;1
2024;9;KOTA ADM. JAKARTA SELATAN;KEBAYORAN LAMA;GROGOL UTARA;5
2024;10;KOTA ADM. JAKARTA SELATAN;KEBAYORAN LAMA;GROGOL UTARA;2
2024;11;KOTA ADM. JAKARTA SELATAN;KEBAYORAN LAMA;GROGOL UTARA;1
2024;12;KOTA ADM. JAKARTA SELATAN;KEBAYORAN LAMA;GROGOL UTARA;1
2024;2;KOTA ADM. JAKARTA SELATAN;KEBAYORAN LAMA;KEBAYORAN LAMA SELATAN;1
2024;3;KOTA ADM. JAKARTA SELATAN;KEBAYORAN LAMA;KEBAYORAN LAMA SELATAN;1
2024;6;KOTA ADM. JAKARTA SELATAN;KEBAYORAN LAMA;KEBAYORAN LAMA SELATAN;1
2024;8;KOTA ADM. JAKARTA SELATAN;KEBAYORAN LAMA;KEBAYORAN LAMA SELATAN;1
2024;9;KOTA ADM. JAKARTA SELATAN;KEBAYORAN LAMA;KEBAYORAN LAMA SELATAN;5
2024;12;KOTA ADM. JAKARTA SELATAN;KEBAYORAN LAMA;KEBAYORAN LAMA SELATAN;2
2024;2;KOTA ADM. JAKARTA SELATAN;KEBAYORAN LAMA;KEBAYORAN LAMA UTARA;1
2024;3;KOTA ADM. JAKARTA SELATAN;KEBAYORAN LAMA;KEBAYORAN LAMA UTARA;1
2024;6;KOTA ADM. JAKARTA SELATAN;KEBAYORAN LAMA;KEBAYORAN LAMA UTARA;1
2024;7;KOTA ADM. JAKARTA SELATAN;KEBAYORAN LAMA;KEBAYORAN LAMA UTARA;1
2024;8;KOTA ADM. JAKARTA SELATAN;KEBAYORAN LAMA;KEBAYORAN LAMA UTARA;1
2024;9;KOTA ADM. JAKARTA SELATAN;KEBAYORAN LAMA;KEBAYORAN LAMA UTARA;1
2024;1;KOTA ADM. JAKARTA SELATAN;KEBAYORAN LAMA;PONDOK PINANG;1
2024;2;KOTA ADM. JAKARTA SELATAN;KEBAYORAN LAMA;PONDOK PINANG;1
2024;3;KOTA ADM. JAKARTA SELATAN;KEBAYORAN LAMA;PONDOK PINANG;2
2024;4;KOTA ADM. JAKARTA SELATAN;KEBAYORAN LAMA;PONDOK PINANG;1
2024;5;KOTA ADM. JAKARTA SELATAN;KEBAYORAN LAMA;PONDOK PINANG;2
2024;7;KOTA ADM. JAKARTA SELATAN;KEBAYORAN LAMA;PONDOK PINANG;2
2024;8;KOTA ADM. JAKARTA SELATAN;KEBAYORAN LAMA;PONDOK PINANG;2
2024;9;KOTA ADM. JAKARTA SELATAN;KEBAYORAN LAMA;PONDOK PINANG;1
2024;10;KOTA ADM. JAKARTA SELATAN;KEBAYORAN LAMA;PONDOK PINANG;1
2024;11;KOTA ADM. JAKARTA SELATAN;KEBAYORAN LAMA;PONDOK PINANG;1
2024;12;KOTA ADM. JAKARTA SELATAN;KEBAYORAN LAMA;PONDOK PINANG;3
2024;2;KOTA ADM. JAKARTA SELATAN;MAMPANG PRAPATAN;BANGKA;1
2024;3;KOTA ADM. JAKARTA SELATAN;MAMPANG PRAPATAN;BANGKA;1
2024;9;KOTA ADM. JAKARTA SELATAN;MAMPANG PRAPATAN;BANGKA;1
2024;10;KOTA ADM. JAKARTA SELATAN;MAMPANG PRAPATAN;BANGKA;2
2024;11;KOTA ADM. JAKARTA SELATAN;MAMPANG PRAPATAN;BANGKA;1
2024;12;KOTA ADM. JAKARTA SELATAN;MAMPANG PRAPATAN;BANGKA;1
2024;8;KOTA ADM. JAKARTA SELATAN;MAMPANG PRAPATAN;KUNINGAN BARAT;1
2024;3;KOTA ADM. JAKARTA SELATAN;MAMPANG PRAPATAN;MAMPANG PRAPATAN;1
2024;4;KOTA ADM. JAKARTA SELATAN;MAMPANG PRAPATAN;MAMPANG PRAPATAN;1
2024;9;KOTA ADM. JAKARTA SELATAN;MAMPANG PRAPATAN;MAMPANG PRAPATAN;1
2024;10;KOTA ADM. JAKARTA SELATAN;MAMPANG PRAPATAN;MAMPANG PRAPATAN;3
2024;2;KOTA ADM. JAKARTA SELATAN;MAMPANG PRAPATAN;PELA MAMPANG;1
2024;8;KOTA ADM. JAKARTA SELATAN;MAMPANG PRAPATAN;PELA MAMPANG;1
2024;9;KOTA ADM. JAKARTA SELATAN;MAMPANG PRAPATAN;PELA MAMPANG;2
2024;12;KOTA ADM. JAKARTA SELATAN;MAMPANG PRAPATAN;PELA MAMPANG;1
2024;2;KOTA ADM. JAKARTA SELATAN;MAMPANG PRAPATAN;TEGAL PARANG;2
2024;4;KOTA ADM. JAKARTA SELATAN;MAMPANG PRAPATAN;TEGAL PARANG;1
2024;5;KOTA ADM. JAKARTA SELATAN;MAMPANG PRAPATAN;TEGAL PARANG;1
2024;6;KOTA ADM. JAKARTA SELATAN;MAMPANG PRAPATAN;TEGAL PARANG;1
2024;7;KOTA ADM. JAKARTA SELATAN;MAMPANG PRAPATAN;TEGAL PARANG;1
2024;10;KOTA ADM. JAKARTA SELATAN;MAMPANG PRAPATAN;TEGAL PARANG;4
2024;1;KOTA ADM. JAKARTA SELATAN;PANCORAN;CIKOKO;1
2024;9;KOTA ADM. JAKARTA SELATAN;PANCORAN;CIKOKO;1
2024;1;KOTA ADM. JAKARTA SELATAN;PANCORAN;DUREN TIGA;1
2024;3;KOTA ADM. JAKARTA SELATAN;PANCORAN;DUREN TIGA;2
2024;4;KOTA ADM. JAKARTA SELATAN;PANCORAN;DUREN TIGA;1
2024;6;KOTA ADM. JAKARTA SELATAN;PANCORAN;DUREN TIGA;2
2024;7;KOTA ADM. JAKARTA SELATAN;PANCORAN;DUREN TIGA;1
2024;8;KOTA ADM. JAKARTA SELATAN;PANCORAN;DUREN TIGA;1
2024;10;KOTA ADM. JAKARTA SELATAN;PANCORAN;DUREN TIGA;2
2024;1;KOTA ADM. JAKARTA SELATAN;PANCORAN;KALIBATA;2
2024;2;KOTA ADM. JAKARTA SELATAN;PANCORAN;KALIBATA;1
2024;3;KOTA ADM. JAKARTA SELATAN;PANCORAN;KALIBATA;2
2024;4;KOTA ADM. JAKARTA SELATAN;PANCORAN;KALIBATA;1
2024;7;KOTA ADM. JAKARTA SELATAN;PANCORAN;KALIBATA;1
2024;9;KOTA ADM. JAKARTA SELATAN;PANCORAN;KALIBATA;1
2024;11;KOTA ADM. JAKARTA SELATAN;PANCORAN;KALIBATA;3
2024;7;KOTA ADM. JAKARTA SELATAN;PANCORAN;PANCORAN;1
2024;8;KOTA ADM. JAKARTA SELATAN;PANCORAN;PANCORAN;1
2024;8;KOTA ADM. JAKARTA SELATAN;PANCORAN;PENGADEGAN;1
2024;12;KOTA ADM. JAKARTA SELATAN;PANCORAN;PENGADEGAN;1
2024;4;KOTA ADM. JAKARTA SELATAN;PANCORAN;RAWAJATI;1
2024;5;KOTA ADM. JAKARTA SELATAN;PANCORAN;RAWAJATI;1
2024;7;KOTA ADM. JAKARTA SELATAN;PANCORAN;RAWAJATI;1
2024;1;KOTA ADM. JAKARTA SELATAN;PASAR MINGGU;CILANDAK TIMUR;1
2024;2;KOTA ADM. JAKARTA SELATAN;PASAR MINGGU;CILANDAK TIMUR;2
2024;3;KOTA ADM. JAKARTA SELATAN;PASAR MINGGU;CILANDAK TIMUR;2
2024;5;KOTA ADM. JAKARTA SELATAN;PASAR MINGGU;CILANDAK TIMUR;1
2024;6;KOTA ADM. JAKARTA SELATAN;PASAR MINGGU;CILANDAK TIMUR;1
2024;8;KOTA ADM. JAKARTA SELATAN;PASAR MINGGU;CILANDAK TIMUR;2
2024;9;KOTA ADM. JAKARTA SELATAN;PASAR MINGGU;CILANDAK TIMUR;2
2024;11;KOTA ADM. JAKARTA SELATAN;PASAR MINGGU;CILANDAK TIMUR;3
2024;12;KOTA ADM. JAKARTA SELATAN;PASAR MINGGU;CILANDAK TIMUR;2
2024;8;KOTA ADM. JAKARTA SELATAN;PASAR MINGGU;JATI PADANG;1
2024;11;KOTA ADM. JAKARTA SELATAN;PASAR MINGGU;JATI PADANG;1
2024;3;KOTA ADM. JAKARTA SELATAN;PASAR MINGGU;KEBAGUSAN;3
2024;6;KOTA ADM. JAKARTA SELATAN;PASAR MINGGU;KEBAGUSAN;1
2024;8;KOTA ADM. JAKARTA SELATAN;PASAR MINGGU;KEBAGUSAN;3
2024;10;KOTA ADM. JAKARTA SELATAN;PASAR MINGGU;KEBAGUSAN;1
2024;11;KOTA ADM. JAKARTA SELATAN;PASAR MINGGU;KEBAGUSAN;1
2024;12;KOTA ADM. JAKARTA SELATAN;PASAR MINGGU;KEBAGUSAN;2
2024;2;KOTA ADM. JAKARTA SELATAN;PASAR MINGGU;PASAR MINGGU;1
2024;3;KOTA ADM. JAKARTA SELATAN;PASAR MINGGU;PASAR MINGGU;1
2024;9;KOTA ADM. JAKARTA SELATAN;PASAR MINGGU;PASAR MINGGU;1
2024;11;KOTA ADM. JAKARTA SELATAN;PASAR MINGGU;PASAR MINGGU;1
2024;12;KOTA ADM. JAKARTA SELATAN;PASAR MINGGU;PASAR MINGGU;2
2024;1;KOTA ADM. JAKARTA SELATAN;PASAR MINGGU;PEJATEN BARAT;2
2024;2;KOTA ADM. JAKARTA SELATAN;PASAR MINGGU;PEJATEN BARAT;1
2024;4;KOTA ADM. JAKARTA SELATAN;PASAR MINGGU;PEJATEN BARAT;1
2024;6;KOTA ADM. JAKARTA SELATAN;PASAR MINGGU;PEJATEN BARAT;2
2024;8;KOTA ADM. JAKARTA SELATAN;PASAR MINGGU;PEJATEN BARAT;1
2024;9;KOTA ADM. JAKARTA SELATAN;PASAR MINGGU;PEJATEN BARAT;2
2024;11;KOTA ADM. JAKARTA SELATAN;PASAR MINGGU;PEJATEN BARAT;2
2024;12;KOTA ADM. JAKARTA SELATAN;PASAR MINGGU;PEJATEN BARAT;1
2024;11;KOTA ADM. JAKARTA TIMUR;CAKUNG;CAKUNG BARAT;1
2024;12;KOTA ADM. JAKARTA TIMUR;CAKUNG;CAKUNG BARAT;1
2024;3;KOTA ADM. JAKARTA TIMUR;CAKUNG;CAKUNG TIMUR;1
2024;5;KOTA ADM. JAKARTA TIMUR;CAKUNG;CAKUNG TIMUR;1
2024;7;KOTA ADM. JAKARTA TIMUR;CAKUNG;CAKUNG TIMUR;1
2024;10;KOTA ADM. JAKARTA TIMUR;CAKUNG;CAKUNG TIMUR;2
2024;1;KOTA ADM. JAKARTA TIMUR;CAKUNG;JATINEGARA;2
2024;3;KOTA ADM. JAKARTA TIMUR;CAKUNG;JATINEGARA;1
2024;6;KOTA ADM. JAKARTA TIMUR;CAKUNG;JATINEGARA;1
2024;7;KOTA ADM. JAKARTA TIMUR;CAKUNG;JATINEGARA;1
2024;8;KOTA ADM. JAKARTA TIMUR;CAKUNG;JATINEGARA;1
2024;10;KOTA ADM. JAKARTA TIMUR;CAKUNG;JATINEGARA;1
2024;11;KOTA ADM. JAKARTA TIMUR;CAKUNG;JATINEGARA;1
2024;2;KOTA ADM. JAKARTA TIMUR;CAKUNG;PENGGILINGAN;3
2024;3;KOTA ADM. JAKARTA TIMUR;CAKUNG;PENGGILINGAN;2
2024;5;KOTA ADM. JAKARTA TIMUR;CAKUNG;PENGGILINGAN;2
2024;6;KOTA ADM. JAKARTA TIMUR;CAKUNG;PENGGILINGAN;2
2024;7;KOTA ADM. JAKARTA TIMUR;CAKUNG;PENGGILINGAN;1
2024;8;KOTA ADM. JAKARTA TIMUR;CAKUNG;PENGGILINGAN;2
2024;9;KOTA ADM. JAKARTA TIMUR;CAKUNG;PENGGILINGAN;1
2024;10;KOTA ADM. JAKARTA TIMUR;CAKUNG;PENGGILINGAN;3
2024;1;KOTA ADM. JAKARTA TIMUR;CAKUNG;PULO GEBANG;2
2024;2;KOTA ADM. JAKARTA TIMUR;CAKUNG;PULO GEBANG;2
2024;5;KOTA ADM. JAKARTA TIMUR;CAKUNG;PULO GEBANG;1
2024;6;KOTA ADM. JAKARTA TIMUR;CAKUNG;PULO GEBANG;1
2024;7;KOTA ADM. JAKARTA TIMUR;CAKUNG;PULO GEBANG;1
2024;8;KOTA ADM. JAKARTA TIMUR;CAKUNG;PULO GEBANG;3
2024;9;KOTA ADM. JAKARTA TIMUR;CAKUNG;PULO GEBANG;1
2024;10;KOTA ADM. JAKARTA TIMUR;CAKUNG;PULO GEBANG;2
2024;12;KOTA ADM. JAKARTA TIMUR;CAKUNG;PULO GEBANG;2
2024;3;KOTA ADM. JAKARTA TIMUR;CAKUNG;RAWA TERATE;1
2024;5;KOTA ADM. JAKARTA TIMUR;CAKUNG;RAWA TERATE;1
2024;8;KOTA ADM. JAKARTA TIMUR;CAKUNG;RAWA TERATE;1
2024;10;KOTA ADM. JAKARTA TIMUR;CAKUNG;RAWA TERATE;1
2024;11;KOTA ADM. JAKARTA TIMUR;CAKUNG;RAWA TERATE;1
2024;12;KOTA ADM. JAKARTA TIMUR;CAKUNG;UJUNG MENTENG;1
2024;2;KOTA ADM. JAKARTA TIMUR;CIPAYUNG;BAMBU APUS;1
2024;8;KOTA ADM. JAKARTA TIMUR;CIPAYUNG;BAMBU APUS;1
2024;12;KOTA ADM. JAKARTA TIMUR;CIPAYUNG;BAMBU APUS;1
2024;1;KOTA ADM. JAKARTA TIMUR;CIPAYUNG;CEGER;1
2024;2;KOTA ADM. JAKARTA TIMUR;CIPAYUNG;CEGER;1
2024;5;KOTA ADM. JAKARTA TIMUR;CIPAYUNG;CEGER;1
2024;6;KOTA ADM. JAKARTA TIMUR;CIPAYUNG;CEGER;2
2024;7;KOTA ADM. JAKARTA TIMUR;CIPAYUNG;CEGER;1
2024;9;KOTA ADM. JAKARTA TIMUR;CIPAYUNG;CEGER;1
2024;10;KOTA ADM. JAKARTA TIMUR;CIPAYUNG;CEGER;2
2024;1;KOTA ADM. JAKARTA TIMUR;CIPAYUNG;CILANGKAP;1
2024;4;KOTA ADM. JAKARTA TIMUR;CIPAYUNG;CILANGKAP;1
2024;6;KOTA ADM. JAKARTA TIMUR;CIPAYUNG;CILANGKAP;4
2024;7;KOTA ADM. JAKARTA TIMUR;CIPAYUNG;CILANGKAP;1
2024;9;KOTA ADM. JAKARTA TIMUR;CIPAYUNG;CILANGKAP;1
2024;12;KOTA ADM. JAKARTA TIMUR;CIPAYUNG;CILANGKAP;1
2024;3;KOTA ADM. JAKARTA TIMUR;CIPAYUNG;CIPAYUNG;2
2024;8;KOTA ADM. JAKARTA TIMUR;CIPAYUNG;CIPAYUNG;1
2024;10;KOTA ADM. JAKARTA TIMUR;CIPAYUNG;CIPAYUNG;1
2025;3;KOTA ADM. JAKARTA BARAT;KEBON JERUK;KELAPA DUA;1
2025;3;KOTA ADM. JAKARTA BARAT;KEBON JERUK;SUKABUMI SELATAN;1
2025;3;KOTA ADM. JAKARTA BARAT;KEMBANGAN;JOGLO;2
2025;3;KOTA ADM. JAKARTA BARAT;KEMBANGAN;MERUYA SELATAN;1
2025;3;KOTA ADM. JAKARTA BARAT;KEMBANGAN;SRENGSENG;1
2025;3;KOTA ADM. JAKARTA BARAT;PAL MERAH;KEMANGGISAN;1
2025;3;KOTA ADM. JAKARTA BARAT;TAMAN SARI;GLODOK;1
2025;3;KOTA ADM. JAKARTA BARAT;TAMAN SARI;PINANGSIA;1
2025;3;KOTA ADM. JAKARTA BARAT;TAMAN SARI;TAMAN SARI;2
2025;3;KOTA ADM. JAKARTA BARAT;TAMBORA;ANGKE;1
2025;3;KOTA ADM. JAKARTA BARAT;TAMBORA;JEMBATAN BESI;2
2025;3;KOTA ADM. JAKARTA SELATAN;CILANDAK;CILANDAK BARAT;2
2025;3;KOTA ADM. JAKARTA SELATAN;CILANDAK;CIPETE SELATAN;3
2025;3;KOTA ADM. JAKARTA SELATAN;JAGAKARSA;CIGANJUR;2
2025;3;KOTA ADM. JAKARTA SELATAN;JAGAKARSA;JAGAKARSA;2
2025;3;KOTA ADM. JAKARTA SELATAN;KEBAYORAN BARU;CIPETE UTARA;1
2025;3;KOTA ADM. JAKARTA SELATAN;KEBAYORAN BARU;GANDARIA UTARA;1
2025;3;KOTA ADM. JAKARTA SELATAN;KEBAYORAN BARU;KRAMAT PELA;1
2025;3;KOTA ADM. JAKARTA SELATAN;KEBAYORAN BARU;PETOGOGAN;1
2025;3;KOTA ADM. JAKARTA SELATAN;KEBAYORAN BARU;SELONG;1
2025;3;KOTA ADM. JAKARTA SELATAN;KEBAYORAN LAMA;PONDOK PINANG;2
2025;3;KOTA ADM. JAKARTA SELATAN;MAMPANG PRAPATAN;BANGKA;2
2025;3;KOTA ADM. JAKARTA SELATAN;PANCORAN;KALIBATA;1
2025;3;KOTA ADM. JAKARTA SELATAN;PANCORAN;RAWAJATI;1
2025;3;KOTA ADM. JAKARTA SELATAN;PASAR MINGGU;CILANDAK TIMUR;1
2025;3;KOTA ADM. JAKARTA SELATAN;PASAR MINGGU;PEJATEN TIMUR;2
2025;3;KOTA ADM. JAKARTA SELATAN;PASAR MINGGU;RAGUNAN;2
2025;3;KOTA ADM. JAKARTA SELATAN;PESANGGRAHAN;BINTARO;1
2025;3;KOTA ADM. JAKARTA SELATAN;PESANGGRAHAN;ULUJAMI;1
2025;3;KOTA ADM. JAKARTA SELATAN;SETIABUDI;GUNTUR;1
2025;3;KOTA ADM. JAKARTA SELATAN;SETIABUDI;KARET SEMANGGI;1
2025;3;KOTA ADM. JAKARTA SELATAN;SETIABUDI;KUNINGAN TIMUR;1
2025;3;KOTA ADM. JAKARTA SELATAN;SETIABUDI;MENTENG ATAS;2
2025;3;KOTA ADM. JAKARTA SELATAN;TEBET;BUKIT DURI;1
2025;3;KOTA ADM. JAKARTA SELATAN;TEBET;MANGGARAI SELATAN;2
2025;3;KOTA ADM. JAKARTA SELATAN;TEBET;MENTENG DALAM;2
2025;3;KOTA ADM. JAKARTA SELATAN;TEBET;TEBET BARAT;2
2025;3;KOTA ADM. JAKARTA SELATAN;TEBET;TEBET TIMUR;2
2025;3;KOTA ADM. JAKARTA TIMUR;CAKUNG;CAKUNG BARAT;1
2025;3;KOTA ADM. JAKARTA TIMUR;CAKUNG;RAWA TERATE;1
2025;3;KOTA ADM. JAKARTA TIMUR;CIPAYUNG;CILANGKAP;1
2025;3;KOTA ADM. JAKARTA TIMUR;CIPAYUNG;PONDOK RANGGON;1
2025;3;KOTA ADM. JAKARTA TIMUR;CIPAYUNG;SETU;1
2025;3;KOTA ADM. JAKARTA TIMUR;CIRACAS;CIRACAS;3
2025;3;KOTA ADM. JAKARTA TIMUR;CIRACAS;KELAPA DUA WETAN;1
2025;3;KOTA ADM. JAKARTA TIMUR;DUREN SAWIT;KLENDER;2
2025;4;KOTA ADM. JAKARTA TIMUR;CAKUNG;PULO GEBANG;3
2025;4;KOTA ADM. JAKARTA TIMUR;CIPAYUNG;CILANGKAP;1
2025;4;KOTA ADM. JAKARTA TIMUR;CIPAYUNG;LUBANG BUAYA;1
2025;4;KOTA ADM. JAKARTA TIMUR;CIPAYUNG;SETU;1
2025;4;KOTA ADM. JAKARTA TIMUR;CIRACAS;CIRACAS;3
2025;4;KOTA ADM. JAKARTA TIMUR;CIRACAS;KELAPA DUA WETAN;2
2025;4;KOTA ADM. JAKARTA TIMUR;CIRACAS;RAMBUTAN;1
2025;4;KOTA ADM. JAKARTA TIMUR;DUREN SAWIT;KLENDER;3
2025;2;KOTA ADM. JAKARTA TIMUR;MAKASAR;CIPINANG MELAYU;1
2025;2;KOTA ADM. JAKARTA TIMUR;PASAR REBO;CIJANTUNG;1
2025;2;KOTA ADM. JAKARTA TIMUR;PULOGADUNG;JATI;3
2025;2;KOTA ADM. JAKARTA TIMUR;PULOGADUNG;PISANGAN TIMUR;2
2025;2;KOTA ADM. JAKARTA TIMUR;PULOGADUNG;PULO GADUNG;2
2025;2;KOTA ADM. JAKARTA TIMUR;PULOGADUNG;RAWAMANGUN;1
2025;3;KOTA ADM. JAKARTA PUSAT;GAMBIR;DURI PULO;1
2025;3;KOTA ADM. JAKARTA PUSAT;GAMBIR;GAMBIR;1
2025;3;KOTA ADM. JAKARTA PUSAT;CEMPAKA PUTIH;CEMPAKA PUTIH BARAT;1
2025;3;KOTA ADM. JAKARTA PUSAT;JOHAR BARU;TANAH TINGGI;1
2025;3;KOTA ADM. JAKARTA PUSAT;KEMAYORAN;CEMPAKA BARU;1
2025;3;KOTA ADM. JAKARTA PUSAT;KEMAYORAN;GUNUNG SAHARI SELATAN;1
2025;3;KOTA ADM. JAKARTA PUSAT;KEMAYORAN;SERDANG;1
2025;3;KOTA ADM. JAKARTA PUSAT;KEMAYORAN;SUMUR BATU;1
2025;3;KOTA ADM. JAKARTA PUSAT;MENTENG;CIKINI;1
2025;3;KOTA ADM. JAKARTA PUSAT;MENTENG;GONDANGDIA;1
2025;3;KOTA ADM. JAKARTA PUSAT;MENTENG;MENTENG;1
2025;3;KOTA ADM. JAKARTA PUSAT;SAWAH BESAR;MANGGA DUA SELATAN;1
2025;3;KOTA ADM. JAKARTA PUSAT;SENEN;BUNGUR;1
2025;3;KOTA ADM. JAKARTA PUSAT;TANAH ABANG;BENDUNGAN HILIR;1
2025;3;KOTA ADM. JAKARTA PUSAT;TANAH ABANG;KEBON MELATI;1
2025;3;KOTA ADM. JAKARTA UTARA;CILINCING;CILINCING;1
2025;3;KOTA ADM. JAKARTA UTARA;CILINCING;SEMPER BARAT;1
2025;3;KOTA ADM. JAKARTA UTARA;KELAPA GADING;KELAPA GADING BARAT;1
2025;3;KOTA ADM. JAKARTA UTARA;KELAPA GADING;KELAPA GADING TIMUR;1
2025;3;KOTA ADM. JAKARTA UTARA;KELAPA GADING;PEGANGSAAN DUA;1
2025;3;KOTA ADM. JAKARTA UTARA;KEPULAUAN SERIBU SELATAN;PULAU TIDUNG;1
2025;3;KOTA ADM. JAKARTA UTARA;KEPULAUAN SERIBU UTARA;PULAU HARAPAN;1
2025;3;KOTA ADM. JAKARTA UTARA;KOJA;KOJA;1
2025;3;KOTA ADM. JAKARTA UTARA;KOJA;TUGU SELATAN;1
2025;3;KOTA ADM. JAKARTA UTARA;KOJA;TUGU UTARA;2
2025;3;KOTA ADM. JAKARTA UTARA;PADEMANGAN;ANCOL;2
2025;3;KOTA ADM. JAKARTA UTARA;PADEMANGAN;PADEMANGAN TIMUR;1
2025;3;KOTA ADM. JAKARTA UTARA;PENJARINGAN;KAMAL MUARA;1
2025;3;KOTA ADM. JAKARTA UTARA;PENJARINGAN;PEJAGALAN;2
2025;3;KOTA ADM. JAKARTA UTARA;PENJARINGAN;PENJARINGAN;4
2025;3;KOTA ADM. JAKARTA UTARA;TANJUNG PRIOK;PAPANGGO;1
2025;3;KOTA ADM. JAKARTA UTARA;TANJUNG PRIOK;TANJUNG PRIOK;3
2025;3;KOTA ADM. JAKARTA BARAT;CENGKARENG;CENGKARENG TIMUR;2
2025;3;KOTA ADM. JAKARTA BARAT;CENGKARENG;DURI KOSAMBI;1
2025;3;KOTA ADM. JAKARTA BARAT;CENGKARENG;KAPUK;1
2025;3;KOTA ADM. JAKARTA BARAT;CENGKARENG;RAWA BUAYA;1
2025;3;KOTA ADM. JAKARTA BARAT;GROGOL PETAMBURAN;GROGOL;1
2025;3;KOTA ADM. JAKARTA BARAT;GROGOL PETAMBURAN;TANJUNG DUREN SELATAN;1
2025;3;KOTA ADM. JAKARTA BARAT;GROGOL PETAMBURAN;TANJUNG DUREN UTARA;1
2025;3;KOTA ADM. JAKARTA BARAT;KALIDERES;KAMAL;2
2025;3;KOTA ADM. JAKARTA BARAT;KALIDERES;PEGADUNGAN;1
2025;3;KOTA ADM. JAKARTA BARAT;KALIDERES;SEMANAN;1
2025;3;KOTA ADM. JAKARTA BARAT;KALIDERES;TEGAL ALUR;3
2025;3;KOTA ADM. JAKARTA BARAT;KEBON JERUK;DURI KEPA;3
2025;3;KOTA ADM. JAKARTA BARAT;KEBON JERUK;KEBON JERUK;3
2025;3;KOTA ADM. JAKARTA BARAT;KEBON JERUK;KEDOYA SELATAN;2
2025;3;KOTA ADM. JAKARTA BARAT;KEBON JERUK;KEDOYA UTARA;2
2024;3;KOTA ADM. JAKARTA TIMUR;CIPAYUNG;LUBANG BUAYA;2
2024;4;KOTA ADM. JAKARTA TIMUR;CIPAYUNG;LUBANG BUAYA;1
2024;5;KOTA ADM. JAKARTA TIMUR;CIPAYUNG;LUBANG BUAYA;2
2024;6;KOTA ADM. JAKARTA TIMUR;CIPAYUNG;LUBANG BUAYA;2
2024;8;KOTA ADM. JAKARTA TIMUR;CIPAYUNG;LUBANG BUAYA;3
2024;9;KOTA ADM. JAKARTA TIMUR;CIPAYUNG;LUBANG BUAYA;1
2024;10;KOTA ADM. JAKARTA TIMUR;CIPAYUNG;LUBANG BUAYA;1
2024;11;KOTA ADM. JAKARTA TIMUR;CIPAYUNG;LUBANG BUAYA;2
2024;12;KOTA ADM. JAKARTA TIMUR;CIPAYUNG;LUBANG BUAYA;1
2024;10;KOTA ADM. JAKARTA TIMUR;CIPAYUNG;MUNJUL;1
2024;7;KOTA ADM. JAKARTA TIMUR;CIPAYUNG;PONDOK RANGON;1
2024;10;KOTA ADM. JAKARTA TIMUR;CIPAYUNG;PONDOK RANGON;1
2024;12;KOTA ADM. JAKARTA TIMUR;CIPAYUNG;PONDOK RANGON;1
2024;1;KOTA ADM. JAKARTA TIMUR;CIPAYUNG;SETU;2
2024;7;KOTA ADM. JAKARTA TIMUR;CIPAYUNG;SETU;1
2024;9;KOTA ADM. JAKARTA TIMUR;CIPAYUNG;SETU;1
2024;1;KOTA ADM. JAKARTA TIMUR;CIRACAS;CIBUBUR;1
2024;2;KOTA ADM. JAKARTA TIMUR;CIRACAS;CIBUBUR;2
2024;4;KOTA ADM. JAKARTA TIMUR;CIRACAS;CIBUBUR;1
2024;5;KOTA ADM. JAKARTA TIMUR;CIRACAS;CIBUBUR;1
2024;6;KOTA ADM. JAKARTA TIMUR;CIRACAS;CIBUBUR;1
2024;7;KOTA ADM. JAKARTA TIMUR;CIRACAS;CIBUBUR;2
2024;11;KOTA ADM. JAKARTA TIMUR;CIRACAS;CIBUBUR;1
2024;4;KOTA ADM. JAKARTA TIMUR;CIRACAS;CIRACAS;1
2024;5;KOTA ADM. JAKARTA TIMUR;CIRACAS;CIRACAS;3
2024;6;KOTA ADM. JAKARTA TIMUR;CIRACAS;CIRACAS;2
2024;7;KOTA ADM. JAKARTA TIMUR;CIRACAS;CIRACAS;1
2024;8;KOTA ADM. JAKARTA TIMUR;CIRACAS;CIRACAS;2
2024;9;KOTA ADM. JAKARTA TIMUR;CIRACAS;CIRACAS;2
2024;10;KOTA ADM. JAKARTA TIMUR;CIRACAS;CIRACAS;2
2024;11;KOTA ADM. JAKARTA TIMUR;CIRACAS;CIRACAS;1
2024;12;KOTA ADM. JAKARTA TIMUR;CIRACAS;CIRACAS;1
2024;2;KOTA ADM. JAKARTA TIMUR;CIRACAS;KELAPA DUA WETAN;2
2024;5;KOTA ADM. JAKARTA TIMUR;CIRACAS;KELAPA DUA WETAN;2
2024;6;KOTA ADM. JAKARTA TIMUR;CIRACAS;KELAPA DUA WETAN;2
2024;7;KOTA ADM. JAKARTA TIMUR;CIRACAS;KELAPA DUA WETAN;1
2024;8;KOTA ADM. JAKARTA TIMUR;CIRACAS;KELAPA DUA WETAN;1
2024;9;KOTA ADM. JAKARTA TIMUR;CIRACAS;KELAPA DUA WETAN;1
2024;10;KOTA ADM. JAKARTA TIMUR;CIRACAS;KELAPA DUA WETAN;2
2024;3;KOTA ADM. JAKARTA TIMUR;CIRACAS;RAMBUTAN;1
2024;5;KOTA ADM. JAKARTA TIMUR;CIRACAS;RAMBUTAN;1
2024;7;KOTA ADM. JAKARTA TIMUR;CIRACAS;RAMBUTAN;1
2024;10;KOTA ADM. JAKARTA TIMUR;CIRACAS;RAMBUTAN;1
2024;3;KOTA ADM. JAKARTA TIMUR;CIRACAS;SUSUKAN;1
2024;6;KOTA ADM. JAKARTA TIMUR;CIRACAS;SUSUKAN;1
2024;8;KOTA ADM. JAKARTA TIMUR;CIRACAS;SUSUKAN;1
2024;9;KOTA ADM. JAKARTA TIMUR;CIRACAS;SUSUKAN;2
2024;11;KOTA ADM. JAKARTA TIMUR;CIRACAS;SUSUKAN;1
2024;1;KOTA ADM. JAKARTA TIMUR;DUREN SAWIT;DUREN SAWIT;2
2024;3;KOTA ADM. JAKARTA TIMUR;DUREN SAWIT;DUREN SAWIT;3
2024;6;KOTA ADM. JAKARTA TIMUR;DUREN SAWIT;DUREN SAWIT;1
2024;7;KOTA ADM. JAKARTA TIMUR;DUREN SAWIT;DUREN SAWIT;2
2024;8;KOTA ADM. JAKARTA TIMUR;DUREN SAWIT;DUREN SAWIT;1
2024;9;KOTA ADM. JAKARTA TIMUR;DUREN SAWIT;DUREN SAWIT;2
2024;12;KOTA ADM. JAKARTA TIMUR;DUREN SAWIT;DUREN SAWIT;1
2024;4;KOTA ADM. JAKARTA TIMUR;DUREN SAWIT;KLENDER;1
2024;6;KOTA ADM. JAKARTA TIMUR;DUREN SAWIT;KLENDER;2
2024;9;KOTA ADM. JAKARTA TIMUR;DUREN SAWIT;KLENDER;3
2024;12;KOTA ADM. JAKARTA TIMUR;DUREN SAWIT;KLENDER;3
2024;3;KOTA ADM. JAKARTA TIMUR;DUREN SAWIT;MALAKA JAYA;1
2024;4;KOTA ADM. JAKARTA TIMUR;DUREN SAWIT;MALAKA JAYA;2
2024;5;KOTA ADM. JAKARTA TIMUR;DUREN SAWIT;MALAKA JAYA;1
2024;11;KOTA ADM. JAKARTA TIMUR;DUREN SAWIT;MALAKA JAYA;1
2024;2;KOTA ADM. JAKARTA TIMUR;DUREN SAWIT;MALAKA SARI;1
2024;9;KOTA ADM. JAKARTA TIMUR;DUREN SAWIT;MALAKA SARI;1
2024;1;KOTA ADM. JAKARTA TIMUR;DUREN SAWIT;PONDOK BAMBU;1
2024;2;KOTA ADM. JAKARTA TIMUR;DUREN SAWIT;PONDOK BAMBU;1
2024;3;KOTA ADM. JAKARTA TIMUR;DUREN SAWIT;PONDOK BAMBU;2
2024;5;KOTA ADM. JAKARTA TIMUR;DUREN SAWIT;PONDOK BAMBU;1
2024;6;KOTA ADM. JAKARTA TIMUR;DUREN SAWIT;PONDOK BAMBU;1
2024;7;KOTA ADM. JAKARTA TIMUR;DUREN SAWIT;PONDOK BAMBU;2
2024;8;KOTA ADM. JAKARTA TIMUR;DUREN SAWIT;PONDOK BAMBU;3
2024;9;KOTA ADM. JAKARTA TIMUR;DUREN SAWIT;PONDOK BAMBU;1
2024;12;KOTA ADM. JAKARTA TIMUR;DUREN SAWIT;PONDOK BAMBU;2
2024;1;KOTA ADM. JAKARTA TIMUR;DUREN SAWIT;PONDOK KELAPA;1
2024;3;KOTA ADM. JAKARTA TIMUR;DUREN SAWIT;PONDOK KELAPA;2
2024;5;KOTA ADM. JAKARTA TIMUR;DUREN SAWIT;PONDOK KELAPA;1
2024;6;KOTA ADM. JAKARTA TIMUR;DUREN SAWIT;PONDOK KELAPA;1
2024;7;KOTA ADM. JAKARTA TIMUR;DUREN SAWIT;PONDOK KELAPA;3
2024;8;KOTA ADM. JAKARTA TIMUR;DUREN SAWIT;PONDOK KELAPA;1
2024;9;KOTA ADM. JAKARTA TIMUR;DUREN SAWIT;PONDOK KELAPA;2
2024;10;KOTA ADM. JAKARTA TIMUR;DUREN SAWIT;PONDOK KELAPA;2
2024;12;KOTA ADM. JAKARTA TIMUR;DUREN SAWIT;PONDOK KELAPA;1
2024;1;KOTA ADM. JAKARTA TIMUR;DUREN SAWIT;PONDOK KOPI;1
2024;2;KOTA ADM. JAKARTA TIMUR;DUREN SAWIT;PONDOK KOPI;1
2024;3;KOTA ADM. JAKARTA TIMUR;DUREN SAWIT;PONDOK KOPI;1
2024;4;KOTA ADM. JAKARTA TIMUR;DUREN SAWIT;PONDOK KOPI;1
2024;5;KOTA ADM. JAKARTA TIMUR;DUREN SAWIT;PONDOK KOPI;1
2024;7;KOTA ADM. JAKARTA TIMUR;DUREN SAWIT;PONDOK KOPI;2
2024;8;KOTA ADM. JAKARTA TIMUR;DUREN SAWIT;PONDOK KOPI;1
2024;10;KOTA ADM. JAKARTA TIMUR;DUREN SAWIT;PONDOK KOPI;1
2024;12;KOTA ADM. JAKARTA TIMUR;DUREN SAWIT;PONDOK KOPI;4
2024;6;KOTA ADM. JAKARTA TIMUR;JATINEGARA;BALI MESTER;1
2024;9;KOTA ADM. JAKARTA TIMUR;JATINEGARA;BALI MESTER;2
2024;6;KOTA ADM. JAKARTA TIMUR;JATINEGARA;BIDARA CINA;1
2024;7;KOTA ADM. JAKARTA TIMUR;JATINEGARA;BIDARA CINA;1
2024;8;KOTA ADM. JAKARTA TIMUR;JATINEGARA;BIDARA CINA;1
2024;10;KOTA ADM. JAKARTA TIMUR;JATINEGARA;BIDARA CINA;1
2024;3;KOTA ADM. JAKARTA TIMUR;JATINEGARA;CIPINANG BESAR SELATAN;1
2024;8;KOTA ADM. JAKARTA TIMUR;JATINEGARA;CIPINANG BESAR SELATAN;2
2024;11;KOTA ADM. JAKARTA TIMUR;JATINEGARA;CIPINANG BESAR SELATAN;1
2024;1;KOTA ADM. JAKARTA TIMUR;JATINEGARA;CIPINANG BESAR UTARA;1
2024;3;KOTA ADM. JAKARTA TIMUR;JATINEGARA;CIPINANG BESAR UTARA;1
2024;6;KOTA ADM. JAKARTA TIMUR;JATINEGARA;CIPINANG BESAR UTARA;1
2024;10;KOTA ADM. JAKARTA TIMUR;JATINEGARA;CIPINANG BESAR UTARA;2
2024;11;KOTA ADM. JAKARTA TIMUR;JATINEGARA;CIPINANG BESAR UTARA;1
2024;1;KOTA ADM. JAKARTA TIMUR;JATINEGARA;CIPINANG CIMPEDAK;1
2024;5;KOTA ADM. JAKARTA TIMUR;JATINEGARA;CIPINANG CIMPEDAK;1
2024;6;KOTA ADM. JAKARTA TIMUR;JATINEGARA;CIPINANG CIMPEDAK;1
2024;7;KOTA ADM. JAKARTA TIMUR;JATINEGARA;CIPINANG CIMPEDAK;2
2024;10;KOTA ADM. JAKARTA TIMUR;JATINEGARA;CIPINANG CIMPEDAK;1
2024;11;KOTA ADM. JAKARTA TIMUR;JATINEGARA;CIPINANG CIMPEDAK;1
2024;12;KOTA ADM. JAKARTA TIMUR;JATINEGARA;CIPINANG CIMPEDAK;1
2024;1;KOTA ADM. JAKARTA TIMUR;JATINEGARA;CIPINANG MUARA;1
2024;9;KOTA ADM. JAKARTA TIMUR;JATINEGARA;CIPINANG MUARA;3
2024;5;KOTA ADM. JAKARTA TIMUR;JATINEGARA;KAMPUNG MELAYU;1
2024;9;KOTA ADM. JAKARTA TIMUR;JATINEGARA;KAMPUNG MELAYU;1
2024;1;KOTA ADM. JAKARTA TIMUR;JATINEGARA;RAWA BUNGA;2
2024;7;KOTA ADM. JAKARTA TIMUR;JATINEGARA;RAWA BUNGA;1
2024;11;KOTA ADM. JAKARTA TIMUR;JATINEGARA;RAWA BUNGA;1
2024;1;KOTA ADM. JAKARTA TIMUR;KRAMAT JATI;BALE KAMBANG;1
2024;5;KOTA ADM. JAKARTA TIMUR;KRAMAT JATI;BALE KAMBANG;1
2024;9;KOTA ADM. JAKARTA TIMUR;KRAMAT JATI;BALE KAMBANG;2
2024;1;KOTA ADM. JAKARTA TIMUR;KRAMAT JATI;BATU AMPAR;2
2024;2;KOTA ADM. JAKARTA TIMUR;KRAMAT JATI;BATU AMPAR;2
2024;3;KOTA ADM. JAKARTA TIMUR;KRAMAT JATI;BATU AMPAR;1
2024;5;KOTA ADM. JAKARTA TIMUR;KRAMAT JATI;BATU AMPAR;1
2024;6;KOTA ADM. JAKARTA TIMUR;KRAMAT JATI;BATU AMPAR;1
2024;7;KOTA ADM. JAKARTA TIMUR;KRAMAT JATI;BATU AMPAR;2
2024;9;KOTA ADM. JAKARTA TIMUR;KRAMAT JATI;BATU AMPAR;1
2024;8;KOTA ADM. JAKARTA TIMUR;KRAMAT JATI;CAWANG;1
2024;9;KOTA ADM. JAKARTA TIMUR;KRAMAT JATI;CAWANG;1
2024;11;KOTA ADM. JAKARTA TIMUR;KRAMAT JATI;CAWANG;2
2024;2;KOTA ADM. JAKARTA TIMUR;KRAMAT JATI;CILILITAN;1
2024;4;KOTA ADM. JAKARTA TIMUR;KRAMAT JATI;CILILITAN;1
2024;5;KOTA ADM. JAKARTA TIMUR;KRAMAT JATI;CILILITAN;2
2024;1;KOTA ADM. JAKARTA TIMUR;KRAMAT JATI;DUKUH;1
2024;6;KOTA ADM. JAKARTA TIMUR;KRAMAT JATI;DUKUH;1
2024;10;KOTA ADM. JAKARTA TIMUR;KRAMAT JATI;DUKUH;1
2024;12;KOTA ADM. JAKARTA TIMUR;KRAMAT JATI;DUKUH;1
2024;4;KOTA ADM. JAKARTA TIMUR;KRAMAT JATI;KAMPUNG TENGAH;1
2024;5;KOTA ADM. JAKARTA TIMUR;KRAMAT JATI;KAMPUNG TENGAH;1
2024;6;KOTA ADM. JAKARTA TIMUR;KRAMAT JATI;KAMPUNG TENGAH;1
2024;8;KOTA ADM. JAKARTA TIMUR;KRAMAT JATI;KAMPUNG TENGAH;1
2024;9;KOTA ADM. JAKARTA TIMUR;KRAMAT JATI;KAMPUNG TENGAH;1
2024;10;KOTA ADM. JAKARTA TIMUR;KRAMAT JATI;KAMPUNG TENGAH;1
2024;1;KOTA ADM. JAKARTA TIMUR;KRAMAT JATI;KRAMAT JATI;1
2024;6;KOTA ADM. JAKARTA TIMUR;KRAMAT JATI;KRAMAT JATI;1
2024;10;KOTA ADM. JAKARTA TIMUR;KRAMAT JATI;KRAMAT JATI;1
2024;1;KOTA ADM. JAKARTA TIMUR;MAKASAR;CIPINANG MELAYU;1
2024;3;KOTA ADM. JAKARTA TIMUR;MAKASAR;CIPINANG MELAYU;1
2024;7;KOTA ADM. JAKARTA TIMUR;MAKASAR;CIPINANG MELAYU;2
2024;8;KOTA ADM. JAKARTA TIMUR;MAKASAR;CIPINANG MELAYU;2
2024;9;KOTA ADM. JAKARTA TIMUR;MAKASAR;CIPINANG MELAYU;1
2024;10;KOTA ADM. JAKARTA TIMUR;MAKASAR;CIPINANG MELAYU;1
2024;1;KOTA ADM. JAKARTA TIMUR;MAKASAR;HALIM PERDANA KUSUMA;1
2024;2;KOTA ADM. JAKARTA TIMUR;MAKASAR;HALIM PERDANA KUSUMA;1
2024;3;KOTA ADM. JAKARTA TIMUR;MAKASAR;HALIM PERDANA KUSUMA;1
2024;9;KOTA ADM. JAKARTA TIMUR;MAKASAR;HALIM PERDANA KUSUMA;1
2024;10;KOTA ADM. JAKARTA TIMUR;MAKASAR;HALIM PERDANA KUSUMA;1
2024;11;KOTA ADM. JAKARTA TIMUR;MAKASAR;HALIM PERDANA KUSUMA;1
2024;2;KOTA ADM. JAKARTA TIMUR;MAKASAR;KEBON PALA;1
2024;3;KOTA ADM. JAKARTA TIMUR;MAKASAR;KEBON PALA;1
2024;6;KOTA ADM. JAKARTA TIMUR;MAKASAR;KEBON PALA;1
2024;8;KOTA ADM. JAKARTA TIMUR;MAKASAR;KEBON PALA;1
2024;10;KOTA ADM. JAKARTA TIMUR;MAKASAR;KEBON PALA;1
2024;12;KOTA ADM. JAKARTA TIMUR;MAKASAR;KEBON PALA;2
2024;1;KOTA ADM. JAKARTA TIMUR;MAKASAR;MAKASAR;1
2024;2;KOTA ADM. JAKARTA TIMUR;MAKASAR;MAKASAR;1
2024;5;KOTA ADM. JAKARTA TIMUR;MAKASAR;MAKASAR;1
2024;6;KOTA ADM. JAKARTA TIMUR;MAKASAR;MAKASAR;1
2024;7;KOTA ADM. JAKARTA TIMUR;MAKASAR;MAKASAR;2
2024;8;KOTA ADM. JAKARTA TIMUR;MAKASAR;MAKASAR;2
2024;9;KOTA ADM. JAKARTA TIMUR;MAKASAR;MAKASAR;1
2024;10;KOTA ADM. JAKARTA TIMUR;MAKASAR;MAKASAR;1
2024;11;KOTA ADM. JAKARTA TIMUR;MAKASAR;MAKASAR;1
2024;4;KOTA ADM. JAKARTA TIMUR;MAKASAR;PINANG RANTI;1
2024;9;KOTA ADM. JAKARTA TIMUR;MAKASAR;PINANG RANTI;1
2024;2;KOTA ADM. JAKARTA TIMUR;MATRAMAN;KAYU MANIS;1
2024;3;KOTA ADM. JAKARTA TIMUR;MATRAMAN;KEBON MANGGIS;2
2024;5;KOTA ADM. JAKARTA TIMUR;MATRAMAN;KEBON MANGGIS;1
2024;8;KOTA ADM. JAKARTA TIMUR;MATRAMAN;KEBON MANGGIS;1
2024;11;KOTA ADM. JAKARTA TIMUR;MATRAMAN;KEBON MANGGIS;1
2024;12;KOTA ADM. JAKARTA TIMUR;MATRAMAN;KEBON MANGGIS;1
2024;3;KOTA ADM. JAKARTA TIMUR;MATRAMAN;PAL MERIAM;1
2024;9;KOTA ADM. JAKARTA TIMUR;MATRAMAN;PAL MERIAM;2
2024;12;KOTA ADM. JAKARTA TIMUR;MATRAMAN;PAL MERIAM;1
2024;3;KOTA ADM. JAKARTA TIMUR;MATRAMAN;PISANGAN BARU;1
2024;6;KOTA ADM. JAKARTA TIMUR;MATRAMAN;PISANGAN BARU;1
2024;12;KOTA ADM. JAKARTA TIMUR;MATRAMAN;PISANGAN BARU;1
2024;7;KOTA ADM. JAKARTA TIMUR;MATRAMAN;UTAN KAYU SELATAN;1
2024;9;KOTA ADM. JAKARTA TIMUR;MATRAMAN;UTAN KAYU SELATAN;1
2024;2;KOTA ADM. JAKARTA TIMUR;MATRAMAN;UTAN KAYU UTARA;3
2024;7;KOTA ADM. JAKARTA TIMUR;MATRAMAN;UTAN KAYU UTARA;1
2024;9;KOTA ADM. JAKARTA TIMUR;MATRAMAN;UTAN KAYU UTARA;1
2024;10;KOTA ADM. JAKARTA TIMUR;MATRAMAN;UTAN KAYU UTARA;2
2024;11;KOTA ADM. JAKARTA TIMUR;MATRAMAN;UTAN KAYU UTARA;2
2024;3;KOTA ADM. JAKARTA TIMUR;PASAR REBO;BARU;2
2024;5;KOTA ADM. JAKARTA TIMUR;PASAR REBO;BARU;1
2024;9;KOTA ADM. JAKARTA TIMUR;PASAR REBO;BARU;1
2024;3;KOTA ADM. JAKARTA TIMUR;PASAR REBO;CIJANTUNG;2
2024;5;KOTA ADM. JAKARTA TIMUR;PASAR REBO;CIJANTUNG;2
2024;7;KOTA ADM. JAKARTA TIMUR;PASAR REBO;CIJANTUNG;1
2024;10;KOTA ADM. JAKARTA TIMUR;PASAR REBO;CIJANTUNG;1
2024;11;KOTA ADM. JAKARTA TIMUR;PASAR REBO;CIJANTUNG;1
2024;12;KOTA ADM. JAKARTA TIMUR;PASAR REBO;CIJANTUNG;1
2024;3;KOTA ADM. JAKARTA TIMUR;PASAR REBO;GEDONG;2
2024;6;KOTA ADM. JAKARTA TIMUR;PASAR REBO;GEDONG;1
2024;7;KOTA ADM. JAKARTA TIMUR;PASAR REBO;GEDONG;1
2024;8;KOTA ADM. JAKARTA TIMUR;PASAR REBO;GEDONG;1
2024;9;KOTA ADM. JAKARTA TIMUR;PASAR REBO;GEDONG;1
2024;10;KOTA ADM. JAKARTA TIMUR;PASAR REBO;GEDONG;1
2024;11;KOTA ADM. JAKARTA TIMUR;PASAR REBO;GEDONG;1
2024;2;KOTA ADM. JAKARTA TIMUR;PASAR REBO;KALISARI;1
2024;3;KOTA ADM. JAKARTA TIMUR;PASAR REBO;KALISARI;2
2024;4;KOTA ADM. JAKARTA TIMUR;PASAR REBO;KALISARI;2
2024;6;KOTA ADM. JAKARTA TIMUR;PASAR REBO;KALISARI;1
2024;7;KOTA ADM. JAKARTA TIMUR;PASAR REBO;KALISARI;1
2024;8;KOTA ADM. JAKARTA TIMUR;PASAR REBO;KALISARI;1
2024;4;KOTA ADM. JAKARTA TIMUR;PASAR REBO;PEKAYON;2
2024;6;KOTA ADM. JAKARTA TIMUR;PASAR REBO;PEKAYON;2
2024;7;KOTA ADM. JAKARTA TIMUR;PASAR REBO;PEKAYON;1
2024;9;KOTA ADM. JAKARTA TIMUR;PASAR REBO;PEKAYON;1
2024;11;KOTA ADM. JAKARTA TIMUR;PASAR REBO;PEKAYON;1
2024;5;KOTA ADM. JAKARTA TIMUR;PULOGADUNG;CIPINANG;1
2024;9;KOTA ADM. JAKARTA TIMUR;PULOGADUNG;CIPINANG;1
2024;5;KOTA ADM. JAKARTA TIMUR;PULOGADUNG;JATI;1
2024;7;KOTA ADM. JAKARTA TIMUR;PULOGADUNG;JATI;1
2024;8;KOTA ADM. JAKARTA TIMUR;PULOGADUNG;JATI;1
2024;9;KOTA ADM. JAKARTA TIMUR;PULOGADUNG;JATI;1
2024;12;KOTA ADM. JAKARTA TIMUR;PULOGADUNG;JATI;1
2024;4;KOTA ADM. JAKARTA TIMUR;PULOGADUNG;JATINEGARA KAUM;1
2024;7;KOTA ADM. JAKARTA TIMUR;PULOGADUNG;JATINEGARA KAUM;1
2024;10;KOTA ADM. JAKARTA TIMUR;PULOGADUNG;JATINEGARA KAUM;1
2024;2;KOTA ADM. JAKARTA TIMUR;PULOGADUNG;KAYU PUTIH;2
2024;3;KOTA ADM. JAKARTA TIMUR;PULOGADUNG;KAYU PUTIH;2
2024;4;KOTA ADM. JAKARTA TIMUR;PULOGADUNG;KAYU PUTIH;1
2024;5;KOTA ADM. JAKARTA TIMUR;PULOGADUNG;KAYU PUTIH;2
2024;8;KOTA ADM. JAKARTA TIMUR;PULOGADUNG;KAYU PUTIH;1
2024;9;KOTA ADM. JAKARTA TIMUR;PULOGADUNG;KAYU PUTIH;1
2024;10;KOTA ADM. JAKARTA TIMUR;PULOGADUNG;KAYU PUTIH;2
2024;11;KOTA ADM. JAKARTA TIMUR;PULOGADUNG;KAYU PUTIH;2
2024;1;KOTA ADM. JAKARTA TIMUR;PULOGADUNG;PISANGAN TIMUR;1
2024;4;KOTA ADM. JAKARTA TIMUR;PULOGADUNG;PISANGAN TIMUR;2
2024;5;KOTA ADM. JAKARTA TIMUR;PULOGADUNG;PISANGAN TIMUR;1
2024;7;KOTA ADM. JAKARTA TIMUR;PULOGADUNG;PISANGAN TIMUR;1
2024;1;KOTA ADM. JAKARTA TIMUR;PULOGADUNG;PULO GADUNG;1
2024;3;KOTA ADM. JAKARTA TIMUR;PULOGADUNG;PULO GADUNG;1
2024;4;KOTA ADM. JAKARTA TIMUR;PULOGADUNG;PULO GADUNG;1
2024;5;KOTA ADM. JAKARTA TIMUR;PULOGADUNG;PULO GADUNG;1
2024;7;KOTA ADM. JAKARTA TIMUR;PULOGADUNG;PULO GADUNG;1
2024;8;KOTA ADM. JAKARTA TIMUR;PULOGADUNG;PULO GADUNG;1
2024;11;KOTA ADM. JAKARTA TIMUR;PULOGADUNG;PULO GADUNG;1
2024;1;KOTA ADM. JAKARTA TIMUR;PULOGADUNG;RAWAMANGUN;4
2024;2;KOTA ADM. JAKARTA TIMUR;PULOGADUNG;RAWAMANGUN;1
2024;3;KOTA ADM. JAKARTA TIMUR;PULOGADUNG;RAWAMANGUN;1
2024;4;KOTA ADM. JAKARTA TIMUR;PULOGADUNG;RAWAMANGUN;1
2024;5;KOTA ADM. JAKARTA TIMUR;PULOGADUNG;RAWAMANGUN;4
2024;6;KOTA ADM. JAKARTA TIMUR;PULOGADUNG;RAWAMANGUN;1
2024;7;KOTA ADM. JAKARTA TIMUR;PULOGADUNG;RAWAMANGUN;2
2024;9;KOTA ADM. JAKARTA TIMUR;PULOGADUNG;RAWAMANGUN;1
2024;11;KOTA ADM. JAKARTA TIMUR;PULOGADUNG;RAWAMANGUN;1
2024;12;KOTA ADM. JAKARTA TIMUR;PULOGADUNG;RAWAMANGUN;2
2025;11;KOTA ADM. JAKARTA SELATAN;SETIABUDI;PASAR MANGGIS;1
2025;11;KOTA ADM. JAKARTA SELATAN;TEBET;BUKIT DURI;2
2025;11;KOTA ADM. JAKARTA SELATAN;TEBET;MANGGARAI SELATAN;1
2025;11;KOTA ADM. JAKARTA TIMUR;CAKUNG;CAKUNG BARAT;1
2025;11;KOTA ADM. JAKARTA TIMUR;CAKUNG;CAKUNG TIMUR;2
2025;11;KOTA ADM. JAKARTA TIMUR;CAKUNG;PENGGILINGAN;1
2025;11;KOTA ADM. JAKARTA TIMUR;CIPAYUNG;CIPAYUNG;1
2025;11;KOTA ADM. JAKARTA TIMUR;CIPAYUNG;LUBANG BUAYA;1
2025;11;KOTA ADM. JAKARTA TIMUR;CIRACAS;CIBUBUR;2
2025;11;KOTA ADM. JAKARTA TIMUR;CIRACAS;CIRACAS;1
2025;11;KOTA ADM. JAKARTA TIMUR;CIRACAS;SUSUKAN;1
2025;11;KOTA ADM. JAKARTA TIMUR;DUREN SAWIT;PONDOK KELAPA;2
2025;11;KOTA ADM. JAKARTA TIMUR;JATINEGARA;BALI MESTER;1
2025;11;KOTA ADM. JAKARTA TIMUR;JATINEGARA;BIDARA CINA;1
2025;11;KOTA ADM. JAKARTA TIMUR;KRAMATJATI;CILILITAN;1
2025;11;KOTA ADM. JAKARTA TIMUR;KRAMATJATI;DUKUH;1
2025;11;KOTA ADM. JAKARTA TIMUR;KRAMATJATI;KRAMATJATI;1
2025;11;KOTA ADM. JAKARTA TIMUR;MAKASAR;KEBON PALA;1
2025;11;KOTA ADM. JAKARTA TIMUR;MAKASAR;MAKASAR;1
2025;11;KOTA ADM. JAKARTA TIMUR;MATRAMAN;KAYU MANIS;1
2025;11;KOTA ADM. JAKARTA TIMUR;MATRAMAN;UTAN KAYU SELATAN;1
2025;11;KOTA ADM. JAKARTA TIMUR;PASAR REBO;GEDONG;1
2025;11;KOTA ADM. JAKARTA TIMUR;PULOGADUNG;JATINEGARA KAUM;1
2025;11;KOTA ADM. JAKARTA TIMUR;PULOGADUNG;KAYU PUTIH;1
2025;12;KOTA ADM. JAKARTA PUSAT;CEMPAKA PUTIH;CEMPAKA PUTIH BARAT;1
2025;12;KOTA ADM. JAKARTA PUSAT;KEMAYORAN;CEMPAKA BARU;1
2025;12;KOTA ADM. JAKARTA PUSAT;MENTENG;GONDANGDIA;1
2025;12;KOTA ADM. JAKARTA PUSAT;MENTENG;MENTENG;1
2025;12;KOTA ADM. JAKARTA PUSAT;SENEN;SENEN;1
2025;12;KOTA ADM. JAKARTA PUSAT;TANAH ABANG;KEBON KACANG;1
2025;12;KOTA ADM. JAKARTA UTARA;CILINCING;CILINCING;1
2025;12;KOTA ADM. JAKARTA UTARA;CILINCING;KALIBARU;1
2025;12;KOTA ADM. JAKARTA UTARA;KELAPA GADING;KELAPA GADING BARAT;1
2025;12;KOTA ADM. JAKARTA UTARA;KOJA;LAGOA;1
2025;12;KOTA ADM. JAKARTA UTARA;KOJA;RAWA BADAK UTARA;1
2025;12;KOTA ADM. JAKARTA UTARA;PADEMANGAN;ANCOL;1
2025;12;KOTA ADM. JAKARTA UTARA;PADEMANGAN;PADEMANGAN BARAT;1
2025;12;KOTA ADM. JAKARTA UTARA;PENJARINGAN;KAMAL MUARA;1
2025;12;KOTA ADM. JAKARTA UTARA;PENJARINGAN;KAPUK MUARA;3
2025;12;KOTA ADM. JAKARTA UTARA;PENJARINGAN;PEJAGALAN;2
2025;12;KOTA ADM. JAKARTA UTARA;PENJARINGAN;PENJARINGAN;1
2025;12;KOTA ADM. JAKARTA UTARA;PENJARINGAN;PLUIT;1
2025;12;KOTA ADM. JAKARTA UTARA;TANJUNG PRIOK;SUNTER AGUNG;1
2025;12;KOTA ADM. JAKARTA BARAT;CENGKARENG;CENGKARENG BARAT;1
2025;12;KOTA ADM. JAKARTA BARAT;CENGKARENG;CENGKARENG TIMUR;1
2025;12;KOTA ADM. JAKARTA BARAT;CENGKARENG;KAPUK;2
2025;12;KOTA ADM. JAKARTA BARAT;CENGKARENG;RAWA BUAYA;3
2025;12;KOTA ADM. JAKARTA BARAT;GROGOL PETAMBURAN;GROGOL;1
2025;12;KOTA ADM. JAKARTA BARAT;GROGOL PETAMBURAN;JELAMBAR;1
2025;12;KOTA ADM. JAKARTA BARAT;GROGOL PETAMBURAN;JELAMBAR BARU;2
2025;12;KOTA ADM. JAKARTA BARAT;GROGOL PETAMBURAN;TANJUNG DUREN SELATAN;1
2025;12;KOTA ADM. JAKARTA BARAT;GROGOL PETAMBURAN;TANJUNG DUREN UTARA;1
2025;12;KOTA ADM. JAKARTA BARAT;GROGOL PETAMBURAN;WIJAYA KUSUMA;2
2025;12;KOTA ADM. JAKARTA BARAT;KALIDERES;KALIDERES;2
2025;12;KOTA ADM. JAKARTA BARAT;KALIDERES;PEGADUNGAN;1
2025;12;KOTA ADM. JAKARTA BARAT;KALIDERES;SEMANAN;1
2025;12;KOTA ADM. JAKARTA BARAT;KALIDERES;TEGAL ALUR;1
2025;12;KOTA ADM. JAKARTA BARAT;KEBON JERUK;DURI KEPA;1
2025;12;KOTA ADM. JAKARTA BARAT;KEBON JERUK;KEBON JERUK;1
2025;12;KOTA ADM. JAKARTA BARAT;KEBON JERUK;KEDOYA UTARA;2
2025;12;KOTA ADM. JAKARTA BARAT;KEMBANGAN;KEMBANGAN SELATAN;1
2025;12;KOTA ADM. JAKARTA BARAT;KEMBANGAN;MERUYA UTARA;2
2025;12;KOTA ADM. JAKARTA BARAT;KEMBANGAN;SRENGSENG;1
2025;12;KOTA ADM. JAKARTA BARAT;PAL MERAH;KEMANGGISAN;1
2025;12;KOTA ADM. JAKARTA BARAT;TAMBORA;DURI UTARA;1
2025;12;KOTA ADM. JAKARTA BARAT;TAMBORA;JEMBATAN BESI;1
2025;12;KOTA ADM. JAKARTA SELATAN;CILANDAK;CILANDAK BARAT;1
2025;12;KOTA ADM. JAKARTA SELATAN;CILANDAK;LEBAK BULUS;2
2025;12;KOTA ADM. JAKARTA SELATAN;JAGAKARSA;CIGANJUR;3
2025;12;KOTA ADM. JAKARTA SELATAN;JAGAKARSA;JAGAKARSA;1
2025;12;KOTA ADM. JAKARTA SELATAN;JAGAKARSA;TANJUNG BARAT;1
2025;12;KOTA ADM. JAKARTA SELATAN;KEBAYORAN BARU;MELAWAI;2
2025;12;KOTA ADM. JAKARTA SELATAN;KEBAYORAN BARU;PETOGOGAN;1
2025;12;KOTA ADM. JAKARTA SELATAN;MAMPANG PRAPATAN;PELA MAMPANG;2
2025;12;KOTA ADM. JAKARTA SELATAN;PANCORAN;DUREN TIGA;2
2025;12;KOTA ADM. JAKARTA SELATAN;PANCORAN;KALIBATA;2
2025;12;KOTA ADM. JAKARTA SELATAN;PASAR MINGGU;CILANDAK TIMUR;1
2025;12;KOTA ADM. JAKARTA SELATAN;PASAR MINGGU;PEJATEN TIMUR;1
2025;12;KOTA ADM. JAKARTA SELATAN;PESANGGRAHAN;ULUJAMI;1
2025;12;KOTA ADM. JAKARTA SELATAN;SETIABUDI;MENTENG ATAS;1
2025;12;KOTA ADM. JAKARTA SELATAN;SETIABUDI;PASAR MANGGIS;1
2025;12;KOTA ADM. JAKARTA SELATAN;TEBET;MANGGARAI SELATAN;1
2025;12;KOTA ADM. JAKARTA SELATAN;TEBET;TEBET TIMUR;1
2025;12;KOTA ADM. JAKARTA TIMUR;CAKUNG;CAKUNG TIMUR;1
2025;12;KOTA ADM. JAKARTA TIMUR;CIPAYUNG;BAMBU APUS;1
2025;12;KOTA ADM. JAKARTA TIMUR;CIPAYUNG;CILANGKAP;1
2025;12;KOTA ADM. JAKARTA TIMUR;CIRACAS;RAMBUTAN;1
2025;12;KOTA ADM. JAKARTA TIMUR;DUREN SAWIT;DUREN SAWIT;1
2025;12;KOTA ADM. JAKARTA TIMUR;DUREN SAWIT;PONDOK BAMBU;2
2025;12;KOTA ADM. JAKARTA TIMUR;DUREN SAWIT;PONDOK KELAPA;2
2025;12;KOTA ADM. JAKARTA TIMUR;JATINEGARA;CIPINANG MUARA;1
2025;12;KOTA ADM. JAKARTA TIMUR;KRAMATJATI;TENGAH;1
2025;12;KOTA ADM. JAKARTA TIMUR;MAKASAR;MAKASAR;1
2025;12;KOTA ADM. JAKARTA TIMUR;MATRAMAN;PALMERIAM;1
2025;12;KOTA ADM. JAKARTA TIMUR;MATRAMAN;UTAN KAYU SELATAN;2
2025;12;KOTA ADM. JAKARTA TIMUR;PASAR REBO;GEDONG;1
2025;12;KOTA ADM. JAKARTA TIMUR;PULOGADUNG;KAYU PUTIH;1
2025;12;KOTA ADM. JAKARTA TIMUR;PULOGADUNG;PISANGAN TIMUR;1
2025;5;KOTA ADM. JAKARTA TIMUR;CIPAYUNG;BAMBU APUS;1
2025;5;KOTA ADM. JAKARTA TIMUR;CIPAYUNG;CILANGKAP;1
2025;5;KOTA ADM. JAKARTA TIMUR;CIPAYUNG;LUBANG BUAYA;2
2025;5;KOTA ADM. JAKARTA TIMUR;CIPAYUNG;MUNJUL;1
2025;5;KOTA ADM. JAKARTA TIMUR;CIRACAS;CIBUBUR;1
2025;5;KOTA ADM. JAKARTA TIMUR;CIRACAS;CIRACAS;1
2025;5;KOTA ADM. JAKARTA TIMUR;CIRACAS;KELAPA DUA WETAN;2
2025;5;KOTA ADM. JAKARTA TIMUR;DUREN SAWIT;DUREN SAWIT;2
2025;5;KOTA ADM. JAKARTA TIMUR;DUREN SAWIT;MALAKA JAYA;2
2025;5;KOTA ADM. JAKARTA TIMUR;DUREN SAWIT;PONDOK BAMBU;1
2025;5;KOTA ADM. JAKARTA TIMUR;DUREN SAWIT;PONDOK KELAPA;1
2025;5;KOTA ADM. JAKARTA TIMUR;JATINEGARA;CIPINANG BESAR UTARA;1
2025;5;KOTA ADM. JAKARTA TIMUR;JATINEGARA;CIPINANG CEMPEDAK;1
2025;5;KOTA ADM. JAKARTA TIMUR;KRAMATJATI;BATU AMPAR;2
2025;5;KOTA ADM. JAKARTA TIMUR;KRAMATJATI;CILILITAN;1
2025;5;KOTA ADM. JAKARTA TIMUR;KRAMATJATI;TENGAH;1
2025;5;KOTA ADM. JAKARTA TIMUR;MAKASAR;MAKASAR;1
2025;5;KOTA ADM. JAKARTA TIMUR;MATRAMAN;UTAN KAYU SELATAN;1
2025;5;KOTA ADM. JAKARTA TIMUR;MATRAMAN;UTAN KAYU UTARA;1
2025;5;KOTA ADM. JAKARTA TIMUR;PULOGADUNG;CIPINANG;2
2025;5;KOTA ADM. JAKARTA TIMUR;PULOGADUNG;PULO GADUNG;1
2025;6;KOTA ADM. JAKARTA PUSAT;GAMBIR;GAMBIR;1
2025;6;KOTA ADM. JAKARTA PUSAT;GAMBIR;KEBON KELAPA;1
2025;6;KOTA ADM. JAKARTA PUSAT;CEMPAKA PUTIH;CEMPAKA PUTIH BARAT;1
2025;6;KOTA ADM. JAKARTA PUSAT;JOHAR BARU;GALUR;1
2025;6;KOTA ADM. JAKARTA PUSAT;JOHAR BARU;JOHAR BARU;1
2025;6;KOTA ADM. JAKARTA PUSAT;JOHAR BARU;KAMPUNG RAWA;1
2025;6;KOTA ADM. JAKARTA PUSAT;KEMAYORAN;GUNUNG SAHARI SELATAN;2
2025;6;KOTA ADM. JAKARTA PUSAT;KEMAYORAN;HARAPAN MULIA;1
2025;6;KOTA ADM. JAKARTA PUSAT;KEMAYORAN;KEBON KOSONG;2
2025;6;KOTA ADM. JAKARTA PUSAT;KEMAYORAN;KEMAYORAN;1
2025;6;KOTA ADM. JAKARTA PUSAT;MENTENG;MENTENG;1
2025;6;KOTA ADM. JAKARTA PUSAT;MENTENG;PEGANGSAAN;1
2025;6;KOTA ADM. JAKARTA PUSAT;SAWAH BESAR;MANGGA DUA SELATAN;1
2025;6;KOTA ADM. JAKARTA PUSAT;SENEN;KWITANG;2
2025;6;KOTA ADM. JAKARTA PUSAT;TANAH ABANG;BENDUNGAN HILIR;1
2025;6;KOTA ADM. JAKARTA PUSAT;TANAH ABANG;KAMPUNG BALI;1
2025;6;KOTA ADM. JAKARTA PUSAT;TANAH ABANG;KARET TENGSIN;1
2025;6;KOTA ADM. JAKARTA PUSAT;TANAH ABANG;KEBON MELATI;1
2025;6;KOTA ADM. JAKARTA UTARA;CILINCING;CILINCING;2
2025;6;KOTA ADM. JAKARTA UTARA;CILINCING;SEMPER BARAT;2
2025;6;KOTA ADM. JAKARTA UTARA;KELAPA GADING;KELAPA GADING BARAT;2
2025;6;KOTA ADM. JAKARTA UTARA;KOJA;RAWA BADAK SELATAN;1
2025;6;KOTA ADM. JAKARTA UTARA;KOJA;TUGU SELATAN;1
2025;6;KOTA ADM. JAKARTA UTARA;KOJA;TUGU UTARA;1
2025;6;KOTA ADM. JAKARTA UTARA;PENJARINGAN;KAMAL MUARA;2
2025;6;KOTA ADM. JAKARTA UTARA;PENJARINGAN;KAPUK MUARA;3
2025;6;KOTA ADM. JAKARTA UTARA;PENJARINGAN;PEJAGALAN;1
2025;6;KOTA ADM. JAKARTA UTARA;TANJUNG PRIOK;KEBON BAWANG;1
2025;6;KOTA ADM. JAKARTA UTARA;TANJUNG PRIOK;PAPANGGO;1
2025;6;KOTA ADM. JAKARTA UTARA;TANJUNG PRIOK;SUNTER AGUNG;1
2025;6;KOTA ADM. JAKARTA BARAT;CENGKARENG;CENGKARENG BARAT;1
2025;6;KOTA ADM. JAKARTA BARAT;CENGKARENG;DURI KOSAMBI;1
2025;6;KOTA ADM. JAKARTA BARAT;CENGKARENG;KAPUK;4
2025;6;KOTA ADM. JAKARTA BARAT;CENGKARENG;KEDAUNG KALI ANGKE;1
2025;6;KOTA ADM. JAKARTA BARAT;CENGKARENG;RAWA BUAYA;2
2025;6;KOTA ADM. JAKARTA BARAT;GROGOL PETAMBURAN;JELAMBAR BARU;1
2025;6;KOTA ADM. JAKARTA BARAT;GROGOL PETAMBURAN;TANJUNG DUREN SELATAN;1
2025;6;KOTA ADM. JAKARTA BARAT;GROGOL PETAMBURAN;TANJUNG DUREN UTARA;2
2025;6;KOTA ADM. JAKARTA BARAT;KALIDERES;KALIDERES;1
2025;6;KOTA ADM. JAKARTA BARAT;KALIDERES;PEGADUNGAN;4
2025;6;KOTA ADM. JAKARTA BARAT;KALIDERES;TEGAL ALUR;1
2025;6;KOTA ADM. JAKARTA BARAT;KEBON JERUK;KEBON JERUK;1
2025;6;KOTA ADM. JAKARTA BARAT;KEBON JERUK;KEDOYA SELATAN;1
2025;6;KOTA ADM. JAKARTA BARAT;KEBON JERUK;KEDOYA UTARA;1
2025;6;KOTA ADM. JAKARTA BARAT;KEBON JERUK;SUKABUMI SELATAN;2
2025;6;KOTA ADM. JAKARTA BARAT;KEMBANGAN;KEMBANGAN SELATAN;3
2025;6;KOTA ADM. JAKARTA BARAT;KEMBANGAN;MERUYA SELATAN;2
2025;6;KOTA ADM. JAKARTA BARAT;KEMBANGAN;MERUYA UTARA;2
2025;6;KOTA ADM. JAKARTA BARAT;PAL MERAH;JATIPULO;1
2025;6;KOTA ADM. JAKARTA BARAT;PAL MERAH;KEMANGGISAN;1
2025;6;KOTA ADM. JAKARTA BARAT;PAL MERAH;KOTA BAMBU SELATAN;2
2025;6;KOTA ADM. JAKARTA BARAT;TAMAN SARI;KRUKUT;1
2025;6;KOTA ADM. JAKARTA BARAT;TAMAN SARI;MANGGA BESAR;1
2025;6;KOTA ADM. JAKARTA BARAT;TAMAN SARI;PINANGSIA;1
2025;6;KOTA ADM. JAKARTA BARAT;TAMBORA;ANGKE;1
2025;6;KOTA ADM. JAKARTA BARAT;TAMBORA;PEKOJAN;2
2025;6;KOTA ADM. JAKARTA SELATAN;CILANDAK;CILANDAK BARAT;2
2025;6;KOTA ADM. JAKARTA SELATAN;CILANDAK;CIPETE SELATAN;1
2025;6;KOTA ADM. JAKARTA SELATAN;CILANDAK;PONDOK LABU;2
2025;6;KOTA ADM. JAKARTA SELATAN;JAGAKARSA;CIGANJUR;1
2025;6;KOTA ADM. JAKARTA SELATAN;JAGAKARSA;CIPEDAK;2
2025;6;KOTA ADM. JAKARTA SELATAN;JAGAKARSA;JAGAKARSA;2
2025;6;KOTA ADM. JAKARTA SELATAN;JAGAKARSA;LENTENG AGUNG;2
2025;6;KOTA ADM. JAKARTA SELATAN;JAGAKARSA;TANJUNG BARAT;1
2025;6;KOTA ADM. JAKARTA SELATAN;KEBAYORAN BARU;CIPETE UTARA;1
2025;6;KOTA ADM. JAKARTA SELATAN;KEBAYORAN BARU;MELAWAI;2
2025;6;KOTA ADM. JAKARTA SELATAN;KEBAYORAN LAMA;GROGOL UTARA;1
2025;6;KOTA ADM. JAKARTA SELATAN;KEBAYORAN LAMA;KEBAYORAN LAMA SELATAN;1
2025;6;KOTA ADM. JAKARTA SELATAN;KEBAYORAN LAMA;PONDOK PINANG;3
2025;6;KOTA ADM. JAKARTA SELATAN;MAMPANG PRAPATAN;PELA MAMPANG;1
2025;6;KOTA ADM. JAKARTA SELATAN;PASAR MINGGU;JATI PADANG;1
2025;6;KOTA ADM. JAKARTA SELATAN;PASAR MINGGU;PEJATEN BARAT;2
2025;6;KOTA ADM. JAKARTA SELATAN;PASAR MINGGU;PEJATEN TIMUR;1
2025;6;KOTA ADM. JAKARTA SELATAN;PESANGGRAHAN;BINTARO;1
2025;6;KOTA ADM. JAKARTA SELATAN;PESANGGRAHAN;PETUKANGAN SELATAN;1
2025;6;KOTA ADM. JAKARTA SELATAN;PESANGGRAHAN;PETUKANGAN UTARA;1
2025;6;KOTA ADM. JAKARTA SELATAN;PESANGGRAHAN;ULUJAMI;2
2025;6;KOTA ADM. JAKARTA SELATAN;SETIABUDI;KARET KUNINGAN;1
2025;6;KOTA ADM. JAKARTA SELATAN;SETIABUDI;MENTENG ATAS;2
2025;6;KOTA ADM. JAKARTA SELATAN;TEBET;BUKIT DURI;1
2025;6;KOTA ADM. JAKARTA SELATAN;TEBET;KEBON BARU;1
2025;6;KOTA ADM. JAKARTA SELATAN;TEBET;MANGGARAI SELATAN;1
2025;6;KOTA ADM. JAKARTA SELATAN;TEBET;TEBET BARAT;4
2025;6;KOTA ADM. JAKARTA TIMUR;CAKUNG;JATINEGARA;1
2025;6;KOTA ADM. JAKARTA TIMUR;CAKUNG;PENGGILINGAN;1
2025;6;KOTA ADM. JAKARTA TIMUR;CAKUNG;RAWA TERATE;2
2025;6;KOTA ADM. JAKARTA TIMUR;CIPAYUNG;LUBANG BUAYA;1
2025;6;KOTA ADM. JAKARTA TIMUR;CIPAYUNG;SETU;1
2025;6;KOTA ADM. JAKARTA TIMUR;CIRACAS;KELAPA DUA WETAN;1
2025;6;KOTA ADM. JAKARTA TIMUR;CIRACAS;RAMBUTAN;1
2025;6;KOTA ADM. JAKARTA TIMUR;CIRACAS;SUSUKAN;2
2025;6;KOTA ADM. JAKARTA TIMUR;DUREN SAWIT;DUREN SAWIT;1
2025;6;KOTA ADM. JAKARTA TIMUR;DUREN SAWIT;PONDOK KOPI;1
2025;6;KOTA ADM. JAKARTA TIMUR;JATINEGARA;BIDARA CINA;1
2025;6;KOTA ADM. JAKARTA TIMUR;JATINEGARA;CIPINANG MUARA;1
2025;6;KOTA ADM. JAKARTA TIMUR;KRAMATJATI;BATU AMPAR;3
2025;6;KOTA ADM. JAKARTA TIMUR;KRAMATJATI;CAWANG;1
2025;6;KOTA ADM. JAKARTA TIMUR;KRAMATJATI;DUKUH;1
2025;6;KOTA ADM. JAKARTA TIMUR;KRAMATJATI;TENGAH;1
2025;6;KOTA ADM. JAKARTA TIMUR;PASAR REBO;GEDONG;1
2025;6;KOTA ADM. JAKARTA TIMUR;PULOGADUNG;KAYU PUTIH;3
2025;7;KOTA ADM. JAKARTA PUSAT;GAMBIR;PETOJO SELATAN;1
2025;7;KOTA ADM. JAKARTA PUSAT;JOHAR BARU;JOHAR BARU;1
2025;7;KOTA ADM. JAKARTA PUSAT;JOHAR BARU;KAMPUNG RAWA;1
2025;7;KOTA ADM. JAKARTA PUSAT;KEMAYORAN;KEMAYORAN;1
2025;7;KOTA ADM. JAKARTA PUSAT;KEMAYORAN;SERDANG;1
2025;7;KOTA ADM. JAKARTA PUSAT;MENTENG;PEGANGSAAN;1
2025;7;KOTA ADM. JAKARTA PUSAT;SAWAH BESAR;KARANG ANYAR;1
2025;7;KOTA ADM. JAKARTA PUSAT;SAWAH BESAR;KARTINI;1
2025;7;KOTA ADM. JAKARTA PUSAT;SAWAH BESAR;MANGGA DUA SELATAN;1
2025;7;KOTA ADM. JAKARTA PUSAT;SENEN;BUNGUR;1
2025;7;KOTA ADM. JAKARTA PUSAT;SENEN;KRAMAT;2
2025;7;KOTA ADM. JAKARTA PUSAT;TANAH ABANG;KAMPUNG BALI;3
2025;7;KOTA ADM. JAKARTA UTARA;CILINCING;CILINCING;1
2025;7;KOTA ADM. JAKARTA UTARA;CILINCING;KALIBARU;3
2025;7;KOTA ADM. JAKARTA UTARA;CILINCING;MARUNDA;3
2025;7;KOTA ADM. JAKARTA UTARA;CILINCING;ROROTAN;1
2025;7;KOTA ADM. JAKARTA UTARA;CILINCING;SEMPER BARAT;1
2025;7;KOTA ADM. JAKARTA UTARA;CILINCING;SUKAPURA;4
2025;7;KOTA ADM. JAKARTA UTARA;KELAPA GADING;PEGANGSAAN DUA;1
2025;7;KOTA ADM. JAKARTA UTARA;KEPULAUAN SERIBU UTARA;PULAU KELAPA;1
2025;7;KOTA ADM. JAKARTA UTARA;KOJA;KOJA;1
2025;7;KOTA ADM. JAKARTA UTARA;KOJA;TUGU UTARA;1
2025;7;KOTA ADM. JAKARTA UTARA;PADEMANGAN;PADEMANGAN BARAT;1
2025;7;KOTA ADM. JAKARTA UTARA;PADEMANGAN;PADEMANGAN TIMUR;1
2025;7;KOTA ADM. JAKARTA UTARA;PENJARINGAN;KAMAL MUARA;2
2025;7;KOTA ADM. JAKARTA UTARA;PENJARINGAN;KAPUK MUARA;3
2025;7;KOTA ADM. JAKARTA UTARA;PENJARINGAN;PENJARINGAN;3
2025;7;KOTA ADM. JAKARTA UTARA;TANJUNG PRIOK;KEBON BAWANG;1
2025;7;KOTA ADM. JAKARTA UTARA;TANJUNG PRIOK;PAPANGGO;1
2025;7;KOTA ADM. JAKARTA UTARA;TANJUNG PRIOK;SUNTER AGUNG;1
2025;7;KOTA ADM. JAKARTA UTARA;TANJUNG PRIOK;SUNTER JAYA;1
2025;7;KOTA ADM. JAKARTA BARAT;CENGKARENG;CENGKARENG BARAT;2
2025;7;KOTA ADM. JAKARTA BARAT;CENGKARENG;KAPUK;2
2025;7;KOTA ADM. JAKARTA BARAT;GROGOL PETAMBURAN;JELAMBAR BARU;1
2025;7;KOTA ADM. JAKARTA BARAT;KALIDERES;KALIDERES;1
2025;7;KOTA ADM. JAKARTA BARAT;KALIDERES;PEGADUNGAN;3
2025;7;KOTA ADM. JAKARTA BARAT;KALIDERES;SEMANAN;4
2025;7;KOTA ADM. JAKARTA BARAT;KEBON JERUK;KEBON JERUK;1
2025;7;KOTA ADM. JAKARTA BARAT;KEBON JERUK;SUKABUMI UTARA;1
2025;7;KOTA ADM. JAKARTA BARAT;KEMBANGAN;JOGLO;1
2025;7;KOTA ADM. JAKARTA BARAT;KEMBANGAN;KEMBANGAN SELATAN;2
2025;7;KOTA ADM. JAKARTA BARAT;KEMBANGAN;KEMBANGAN UTARA;1
2025;7;KOTA ADM. JAKARTA BARAT;KEMBANGAN;MERUYA UTARA;3
2025;7;KOTA ADM. JAKARTA BARAT;KEMBANGAN;SRENGSENG;1
2025;7;KOTA ADM. JAKARTA BARAT;PAL MERAH;KOTA BAMBU SELATAN;1
2025;7;KOTA ADM. JAKARTA BARAT;PAL MERAH;KOTA BAMBU UTARA;1
2025;7;KOTA ADM. JAKARTA BARAT;TAMBORA;ANGKE;4
2025;7;KOTA ADM. JAKARTA BARAT;TAMBORA;DURI SELATAN;1
2025;7;KOTA ADM. JAKARTA BARAT;TAMBORA;DURI UTARA;1
2025;7;KOTA ADM. JAKARTA BARAT;TAMBORA;JEMBATAN LIMA;1
2025;7;KOTA ADM. JAKARTA BARAT;TAMBORA;KALI ANYAR;1
2025;7;KOTA ADM. JAKARTA BARAT;TAMBORA;PEKOJAN;2
2025;7;KOTA ADM. JAKARTA BARAT;TAMBORA;ROA MALAKA;1
2025;7;KOTA ADM. JAKARTA BARAT;TAMBORA;TANAH SEREAL;1
2025;7;KOTA ADM. JAKARTA SELATAN;CILANDAK;CILANDAK BARAT;2
2025;7;KOTA ADM. JAKARTA SELATAN;CILANDAK;CIPETE SELATAN;1
2025;7;KOTA ADM. JAKARTA SELATAN;CILANDAK;LEBAK BULUS;1
2025;7;KOTA ADM. JAKARTA SELATAN;CILANDAK;PONDOK LABU;1
2025;7;KOTA ADM. JAKARTA SELATAN;JAGAKARSA;JAGAKARSA;2
2025;7;KOTA ADM. JAKARTA SELATAN;JAGAKARSA;SRENGSENG SAWAH;1
2025;7;KOTA ADM. JAKARTA SELATAN;JAGAKARSA;TANJUNG BARAT;1
2025;7;KOTA ADM. JAKARTA SELATAN;KEBAYORAN BARU;GANDARIA UTARA;1
2025;7;KOTA ADM. JAKARTA SELATAN;KEBAYORAN BARU;GUNUNG;3
2025;7;KOTA ADM. JAKARTA SELATAN;KEBAYORAN BARU;MELAWAI;2
2025;7;KOTA ADM. JAKARTA SELATAN;KEBAYORAN BARU;RAWA BARAT;1
2025;7;KOTA ADM. JAKARTA SELATAN;KEBAYORAN LAMA;CIPULIR;1
2025;7;KOTA ADM. JAKARTA SELATAN;KEBAYORAN LAMA;GROGOL SELATAN;1
2025;7;KOTA ADM. JAKARTA SELATAN;KEBAYORAN LAMA;GROGOL UTARA;3
2025;7;KOTA ADM. JAKARTA SELATAN;KEBAYORAN LAMA;PONDOK PINANG;1
2025;7;KOTA ADM. JAKARTA SELATAN;MAMPANG PRAPATAN;BANGKA;1
2025;7;KOTA ADM. JAKARTA SELATAN;MAMPANG PRAPATAN;MAMPANG PRAPATAN;1
2025;7;KOTA ADM. JAKARTA SELATAN;PASAR MINGGU;KEBAGUSAN;1
2025;7;KOTA ADM. JAKARTA SELATAN;PASAR MINGGU;RAGUNAN;1
2025;7;KOTA ADM. JAKARTA SELATAN;PESANGGRAHAN;PETUKANGAN UTARA;2
2025;7;KOTA ADM. JAKARTA SELATAN;SETIABUDI;KUNINGAN TIMUR;1
2025;7;KOTA ADM. JAKARTA SELATAN;SETIABUDI;MENTENG ATAS;1
2025;7;KOTA ADM. JAKARTA SELATAN;TEBET;BUKIT DURI;2
2025;7;KOTA ADM. JAKARTA TIMUR;CAKUNG;CAKUNG BARAT;1
2025;7;KOTA ADM. JAKARTA TIMUR;CAKUNG;JATINEGARA;1
2025;7;KOTA ADM. JAKARTA TIMUR;CAKUNG;PULO GEBANG;2
2025;7;KOTA ADM. JAKARTA TIMUR;CAKUNG;UJUNG MENTENG;1
2025;7;KOTA ADM. JAKARTA TIMUR;CIPAYUNG;BAMBU APUS;2
2025;7;KOTA ADM. JAKARTA TIMUR;CIPAYUNG;CEGER;1
2025;7;KOTA ADM. JAKARTA TIMUR;CIPAYUNG;CILANGKAP;1
2025;7;KOTA ADM. JAKARTA TIMUR;CIPAYUNG;SETU;2
2025;7;KOTA ADM. JAKARTA TIMUR;CIRACAS;CIBUBUR;1
2025;7;KOTA ADM. JAKARTA TIMUR;CIRACAS;KELAPA DUA WETAN;1
2025;7;KOTA ADM. JAKARTA TIMUR;DUREN SAWIT;MALAKA SARI;2
2025;7;KOTA ADM. JAKARTA TIMUR;DUREN SAWIT;PONDOK BAMBU;2
2025;7;KOTA ADM. JAKARTA TIMUR;DUREN SAWIT;PONDOK KELAPA;1
2025;7;KOTA ADM. JAKARTA TIMUR;JATINEGARA;BALI MESTER;1
2025;7;KOTA ADM. JAKARTA TIMUR;JATINEGARA;CIPINANG CEMPEDAK;1
2025;7;KOTA ADM. JAKARTA TIMUR;JATINEGARA;KAMPUNG MELAYU;1
2025;7;KOTA ADM. JAKARTA TIMUR;KRAMATJATI;BATU AMPAR;1
2025;7;KOTA ADM. JAKARTA TIMUR;KRAMATJATI;CILILITAN;1
2025;7;KOTA ADM. JAKARTA TIMUR;MAKASAR;CIPINANG MELAYU;1
2025;7;KOTA ADM. JAKARTA TIMUR;MAKASAR;MAKASAR;1
2025;7;KOTA ADM. JAKARTA TIMUR;MATRAMAN;UTAN KAYU UTARA;1
2025;7;KOTA ADM. JAKARTA TIMUR;PASAR REBO;CIJANTUNG;1
2025;7;KOTA ADM. JAKARTA TIMUR;PASAR REBO;KALISARI;1
2025;7;KOTA ADM. JAKARTA TIMUR;PASAR REBO;PEKAYON;1
2025;7;KOTA ADM. JAKARTA TIMUR;PULOGADUNG;JATINEGARA KAUM;1
2025;7;KOTA ADM. JAKARTA TIMUR;PULOGADUNG;KAYU PUTIH;2
2025;7;KOTA ADM. JAKARTA TIMUR;PULOGADUNG;PISANGAN TIMUR;1
2025;7;KOTA ADM. JAKARTA TIMUR;PULOGADUNG;RAWAMANGUN;1
2025;8;KOTA ADM. JAKARTA PUSAT;GAMBIR;CIDENG;1
2025;8;KOTA ADM. JAKARTA PUSAT;GAMBIR;PETOJO UTARA;1
2025;8;KOTA ADM. JAKARTA PUSAT;CEMPAKA PUTIH;CEMPAKA PUTIH BARAT;2
2025;8;KOTA ADM. JAKARTA PUSAT;CEMPAKA PUTIH;RAWASARI;1
2025;8;KOTA ADM. JAKARTA PUSAT;MENTENG;GONDANGDIA;1
2025;8;KOTA ADM. JAKARTA PUSAT;MENTENG;KEBON SIRIH;1
2025;8;KOTA ADM. JAKARTA PUSAT;MENTENG;PEGANGSAAN;1
2025;8;KOTA ADM. JAKARTA PUSAT;SAWAH BESAR;GUNUNG SAHARI UTARA;1
2025;8;KOTA ADM. JAKARTA PUSAT;SAWAH BESAR;KARTINI;1
2025;8;KOTA ADM. JAKARTA PUSAT;SAWAH BESAR;PASAR BARU;1
2025;8;KOTA ADM. JAKARTA PUSAT;SENEN;KENARI;1
2025;8;KOTA ADM. JAKARTA PUSAT;SENEN;KRAMAT;2
2025;8;KOTA ADM. JAKARTA PUSAT;SENEN;KWITANG;1
2025;8;KOTA ADM. JAKARTA PUSAT;TANAH ABANG;BENDUNGAN HILIR;1
2025;8;KOTA ADM. JAKARTA PUSAT;TANAH ABANG;GELORA;1
2025;8;KOTA ADM. JAKARTA PUSAT;TANAH ABANG;KAMPUNG BALI;1
2025;8;KOTA ADM. JAKARTA PUSAT;TANAH ABANG;KEBON MELATI;1
2025;8;KOTA ADM. JAKARTA PUSAT;TANAH ABANG;PETAMBURAN;1
2025;8;KOTA ADM. JAKARTA UTARA;CILINCING;ROROTAN;1
2025;8;KOTA ADM. JAKARTA UTARA;CILINCING;SEMPER BARAT;2
2025;8;KOTA ADM. JAKARTA UTARA;KELAPA GADING;KELAPA GADING BARAT;2
2025;8;KOTA ADM. JAKARTA UTARA;KELAPA GADING;KELAPA GADING TIMUR;1
2025;8;KOTA ADM. JAKARTA UTARA;KELAPA GADING;PEGANGSAAN DUA;1
2025;8;KOTA ADM. JAKARTA UTARA;PADEMANGAN;ANCOL;1
2025;8;KOTA ADM. JAKARTA UTARA;PADEMANGAN;PADEMANGAN BARAT;4
2025;8;KOTA ADM. JAKARTA UTARA;PENJARINGAN;PEJAGALAN;1
2025;8;KOTA ADM. JAKARTA UTARA;PENJARINGAN;PENJARINGAN;1
2025;8;KOTA ADM. JAKARTA UTARA;TANJUNG PRIOK;SUNTER JAYA;2
2025;8;KOTA ADM. JAKARTA UTARA;TANJUNG PRIOK;TANJUNG PRIOK;1
2025;8;KOTA ADM. JAKARTA BARAT;CENGKARENG;CENGKARENG TIMUR;3
2025;8;KOTA ADM. JAKARTA BARAT;CENGKARENG;DURI KOSAMBI;2
2025;8;KOTA ADM. JAKARTA BARAT;CENGKARENG;KAPUK;2
2025;8;KOTA ADM. JAKARTA BARAT;GROGOL PETAMBURAN;GROGOL;1
2025;8;KOTA ADM. JAKARTA BARAT;GROGOL PETAMBURAN;JELAMBAR;1
2025;8;KOTA ADM. JAKARTA BARAT;GROGOL PETAMBURAN;JELAMBAR BARU;6
2025;8;KOTA ADM. JAKARTA BARAT;GROGOL PETAMBURAN;WIJAYA KUSUMA;1
2025;8;KOTA ADM. JAKARTA BARAT;KALIDERES;KALIDERES;2
2025;8;KOTA ADM. JAKARTA BARAT;KALIDERES;PEGADUNGAN;1
2025;8;KOTA ADM. JAKARTA BARAT;KALIDERES;SEMANAN;1
2025;8;KOTA ADM. JAKARTA BARAT;KALIDERES;TEGAL ALUR;3
2025;8;KOTA ADM. JAKARTA BARAT;KEBON JERUK;KEBON JERUK;2
2025;8;KOTA ADM. JAKARTA BARAT;KEBON JERUK;KELAPA DUA;1
2025;8;KOTA ADM. JAKARTA BARAT;KEMBANGAN;JOGLO;3
2025;8;KOTA ADM. JAKARTA BARAT;KEMBANGAN;KEMBANGAN SELATAN;3
2025;8;KOTA ADM. JAKARTA BARAT;KEMBANGAN;MERUYA UTARA;1
2025;8;KOTA ADM. JAKARTA BARAT;PAL MERAH;JATIPULO;1
2025;8;KOTA ADM. JAKARTA BARAT;PAL MERAH;SLIPI;1
2025;8;KOTA ADM. JAKARTA BARAT;TAMAN SARI;KRUKUT;1
2025;8;KOTA ADM. JAKARTA BARAT;TAMAN SARI;MANGGA BESAR;2
2025;8;KOTA ADM. JAKARTA BARAT;TAMBORA;ANGKE;1
2025;8;KOTA ADM. JAKARTA BARAT;TAMBORA;JEMBATAN BESI;2
2025;8;KOTA ADM. JAKARTA BARAT;TAMBORA;ROA MALAKA;1
2025;8;KOTA ADM. JAKARTA SELATAN;CILANDAK;CILANDAK BARAT;1
2025;8;KOTA ADM. JAKARTA SELATAN;CILANDAK;GANDARIA SELATAN;1
2025;8;KOTA ADM. JAKARTA SELATAN;CILANDAK;PONDOK LABU;1
2025;8;KOTA ADM. JAKARTA SELATAN;JAGAKARSA;CIGANJUR;1
2025;8;KOTA ADM. JAKARTA SELATAN;JAGAKARSA;JAGAKARSA;2
2025;8;KOTA ADM. JAKARTA SELATAN;JAGAKARSA;LENTENG AGUNG;1
2025;8;KOTA ADM. JAKARTA SELATAN;JAGAKARSA;TANJUNG BARAT;1
2025;8;KOTA ADM. JAKARTA SELATAN;KEBAYORAN BARU;GANDARIA UTARA;2
2025;8;KOTA ADM. JAKARTA SELATAN;KEBAYORAN BARU;MELAWAI;2
2025;8;KOTA ADM. JAKARTA SELATAN;KEBAYORAN BARU;SENAYAN;1
2025;8;KOTA ADM. JAKARTA SELATAN;MAMPANG PRAPATAN;PELA MAMPANG;1
2025;8;KOTA ADM. JAKARTA SELATAN;PANCORAN;CIKOKO;1
2025;8;KOTA ADM. JAKARTA SELATAN;PASAR MINGGU;CILANDAK TIMUR;1
2025;8;KOTA ADM. JAKARTA SELATAN;PASAR MINGGU;KEBAGUSAN;1
2025;8;KOTA ADM. JAKARTA SELATAN;PASAR MINGGU;PEJATEN BARAT;1
2025;8;KOTA ADM. JAKARTA SELATAN;PESANGGRAHAN;PETUKANGAN SELATAN;1
2025;2;KOTA ADM. JAKARTA TIMUR;CAKUNG;CAKUNG TIMUR;1
2025;2;KOTA ADM. JAKARTA TIMUR;CAKUNG;JATINEGARA;2
2025;2;KOTA ADM. JAKARTA TIMUR;CAKUNG;PENGGILINGAN;1
2025;2;KOTA ADM. JAKARTA TIMUR;CAKUNG;PULO GEBANG;2
2025;2;KOTA ADM. JAKARTA TIMUR;CIPAYUNG;CILANGKAP;1
2025;2;KOTA ADM. JAKARTA TIMUR;CIPAYUNG;PONDOK RANGGON;1
2025;2;KOTA ADM. JAKARTA TIMUR;CIRACAS;CIBUBUR;2
2025;2;KOTA ADM. JAKARTA TIMUR;CIRACAS;CIRACAS;1
2025;2;KOTA ADM. JAKARTA TIMUR;CIRACAS;RAMBUTAN;2
2025;2;KOTA ADM. JAKARTA TIMUR;DUREN SAWIT;DUREN SAWIT;1
2025;2;KOTA ADM. JAKARTA TIMUR;DUREN SAWIT;MALAKA JAYA;1
2025;2;KOTA ADM. JAKARTA TIMUR;DUREN SAWIT;PONDOK BAMBU;1
2025;2;KOTA ADM. JAKARTA TIMUR;JATINEGARA;CIPINANG BESAR SELATAN;2
2025;2;KOTA ADM. JAKARTA TIMUR;JATINEGARA;CIPINANG CEMPEDAK;1
2025;2;KOTA ADM. JAKARTA TIMUR;KRAMATJATI;CILILITAN;1
2025;8;KOTA ADM. JAKARTA SELATAN;PESANGGRAHAN;PETUKANGAN UTARA;1
2025;8;KOTA ADM. JAKARTA SELATAN;PESANGGRAHAN;ULUJAMI;1
2025;8;KOTA ADM. JAKARTA SELATAN;TEBET;BUKIT DURI;1
2025;8;KOTA ADM. JAKARTA SELATAN;TEBET;MANGGARAI SELATAN;2
2025;8;KOTA ADM. JAKARTA SELATAN;TEBET;MENTENG DALAM;1
2025;8;KOTA ADM. JAKARTA SELATAN;TEBET;TEBET BARAT;1
2025;8;KOTA ADM. JAKARTA TIMUR;CAKUNG;CAKUNG BARAT;2
2025;8;KOTA ADM. JAKARTA TIMUR;CAKUNG;JATINEGARA;1
2025;8;KOTA ADM. JAKARTA TIMUR;CAKUNG;PENGGILINGAN;1
2025;8;KOTA ADM. JAKARTA TIMUR;CAKUNG;PULO GEBANG;1
2025;8;KOTA ADM. JAKARTA TIMUR;CAKUNG;UJUNG MENTENG;1
2025;8;KOTA ADM. JAKARTA TIMUR;CIPAYUNG;BAMBU APUS;1
2025;8;KOTA ADM. JAKARTA TIMUR;CIPAYUNG;CILANGKAP;1
2025;8;KOTA ADM. JAKARTA TIMUR;CIPAYUNG;CIPAYUNG;1
2025;8;KOTA ADM. JAKARTA TIMUR;CIRACAS;CIBUBUR;1
2025;8;KOTA ADM. JAKARTA TIMUR;CIRACAS;CIRACAS;1
2025;8;KOTA ADM. JAKARTA TIMUR;CIRACAS;RAMBUTAN;1
2025;8;KOTA ADM. JAKARTA TIMUR;DUREN SAWIT;DUREN SAWIT;1
2025;8;KOTA ADM. JAKARTA TIMUR;DUREN SAWIT;KLENDER;2
2025;8;KOTA ADM. JAKARTA TIMUR;DUREN SAWIT;PONDOK BAMBU;1
2025;8;KOTA ADM. JAKARTA TIMUR;DUREN SAWIT;PONDOK KOPI;1
2025;8;KOTA ADM. JAKARTA TIMUR;JATINEGARA;BALI MESTER;1
2025;8;KOTA ADM. JAKARTA TIMUR;JATINEGARA;BIDARA CINA;1
2025;8;KOTA ADM. JAKARTA TIMUR;KRAMATJATI;TENGAH;1
2025;8;KOTA ADM. JAKARTA TIMUR;MAKASAR;HALIM PERDANA KUSUMA;1
2025;8;KOTA ADM. JAKARTA TIMUR;MAKASAR;KEBON PALA;1
2025;8;KOTA ADM. JAKARTA TIMUR;MAKASAR;MAKASAR;2
2025;8;KOTA ADM. JAKARTA TIMUR;MATRAMAN;PISANGAN BARU;2
2025;8;KOTA ADM. JAKARTA TIMUR;MATRAMAN;UTAN KAYU SELATAN;1
2025;8;KOTA ADM. JAKARTA TIMUR;MATRAMAN;UTAN KAYU UTARA;2
2025;8;KOTA ADM. JAKARTA TIMUR;PASAR REBO;BARU;1
2025;8;KOTA ADM. JAKARTA TIMUR;PASAR REBO;PEKAYON;1
2025;8;KOTA ADM. JAKARTA TIMUR;PULOGADUNG;KAYU PUTIH;1
2025;9;KOTA ADM. JAKARTA PUSAT;GAMBIR;CIDENG;1
2025;9;KOTA ADM. JAKARTA PUSAT;GAMBIR;DURI PULO;1
2025;9;KOTA ADM. JAKARTA PUSAT;GAMBIR;GAMBIR;1
2025;9;KOTA ADM. JAKARTA PUSAT;CEMPAKA PUTIH;CEMPAKA PUTIH BARAT;1
2025;9;KOTA ADM. JAKARTA PUSAT;KEMAYORAN;CEMPAKA BARU;1
2025;9;KOTA ADM. JAKARTA PUSAT;KEMAYORAN;HARAPAN MULIA;1
2025;9;KOTA ADM. JAKARTA PUSAT;KEMAYORAN;KEMAYORAN;1
2025;9;KOTA ADM. JAKARTA PUSAT;KEMAYORAN;SERDANG;1
2025;9;KOTA ADM. JAKARTA PUSAT;MENTENG;CIKINI;1
2025;9;KOTA ADM. JAKARTA PUSAT;MENTENG;GONDANGDIA;1
2025;9;KOTA ADM. JAKARTA PUSAT;MENTENG;KEBON SIRIH;2
2025;9;KOTA ADM. JAKARTA PUSAT;MENTENG;MENTENG;1
2025;9;KOTA ADM. JAKARTA PUSAT;SAWAH BESAR;KARTINI;1
2025;9;KOTA ADM. JAKARTA PUSAT;SAWAH BESAR;PASAR BARU;1
2025;9;KOTA ADM. JAKARTA PUSAT;SENEN;KRAMAT;3
2025;9;KOTA ADM. JAKARTA PUSAT;SENEN;SENEN;4
2025;9;KOTA ADM. JAKARTA UTARA;CILINCING;CILINCING;2
2025;9;KOTA ADM. JAKARTA UTARA;CILINCING;MARUNDA;1
2025;9;KOTA ADM. JAKARTA UTARA;CILINCING;SEMPER BARAT;1
2025;9;KOTA ADM. JAKARTA UTARA;CILINCING;SEMPER TIMUR;2
2025;9;KOTA ADM. JAKARTA UTARA;CILINCING;SUKAPURA;3
2025;9;KOTA ADM. JAKARTA UTARA;KELAPA GADING;KELAPA GADING BARAT;5
2025;9;KOTA ADM. JAKARTA UTARA;KELAPA GADING;PEGANGSAAN DUA;1
2025;9;KOTA ADM. JAKARTA UTARA;KEPULAUAN SERIBU SELATAN;PULAU TIDUNG;2
2025;9;KOTA ADM. JAKARTA UTARA;PADEMANGAN;PADEMANGAN BARAT;1
2025;9;KOTA ADM. JAKARTA UTARA;PENJARINGAN;PEJAGALAN;1
2025;9;KOTA ADM. JAKARTA UTARA;PENJARINGAN;PENJARINGAN;1
2025;9;KOTA ADM. JAKARTA UTARA;PENJARINGAN;PLUIT;1
2025;9;KOTA ADM. JAKARTA UTARA;TANJUNG PRIOK;PAPANGGO;8
2025;9;KOTA ADM. JAKARTA UTARA;TANJUNG PRIOK;SUNTER AGUNG;1
2025;9;KOTA ADM. JAKARTA BARAT;CENGKARENG;CENGKARENG BARAT;2
2025;9;KOTA ADM. JAKARTA BARAT;CENGKARENG;KAPUK;1
2025;9;KOTA ADM. JAKARTA BARAT;CENGKARENG;RAWA BUAYA;2
2025;9;KOTA ADM. JAKARTA BARAT;GROGOL PETAMBURAN;GROGOL;1
2025;9;KOTA ADM. JAKARTA BARAT;GROGOL PETAMBURAN;TANJUNG DUREN SELATAN;1
2025;9;KOTA ADM. JAKARTA BARAT;GROGOL PETAMBURAN;TANJUNG DUREN UTARA;1
2025;9;KOTA ADM. JAKARTA BARAT;GROGOL PETAMBURAN;TOMANG;2
2025;9;KOTA ADM. JAKARTA BARAT;GROGOL PETAMBURAN;WIJAYA KUSUMA;1
2025;9;KOTA ADM. JAKARTA BARAT;KALIDERES;KALIDERES;1
2025;9;KOTA ADM. JAKARTA BARAT;KALIDERES;KAMAL;1
2025;9;KOTA ADM. JAKARTA BARAT;KALIDERES;PEGADUNGAN;2
2025;9;KOTA ADM. JAKARTA BARAT;KALIDERES;SEMANAN;1
2025;9;KOTA ADM. JAKARTA BARAT;KALIDERES;TEGAL ALUR;3
2025;9;KOTA ADM. JAKARTA BARAT;KEBON JERUK;KELAPA DUA;1
2025;9;KOTA ADM. JAKARTA BARAT;KEMBANGAN;JOGLO;1
2025;9;KOTA ADM. JAKARTA BARAT;KEMBANGAN;KEMBANGAN SELATAN;1
2025;9;KOTA ADM. JAKARTA BARAT;KEMBANGAN;MERUYA SELATAN;1
2025;9;KOTA ADM. JAKARTA BARAT;KEMBANGAN;SRENGSENG;1
2025;9;KOTA ADM. JAKARTA BARAT;PAL MERAH;JATIPULO;1
2025;9;KOTA ADM. JAKARTA BARAT;PAL MERAH;KEMANGGISAN;2
2025;9;KOTA ADM. JAKARTA BARAT;PAL MERAH;KOTA BAMBU SELATAN;1
2025;9;KOTA ADM. JAKARTA BARAT;TAMAN SARI;MANGGA BESAR;3
2025;9;KOTA ADM. JAKARTA BARAT;TAMAN SARI;TANGKI;1
2025;9;KOTA ADM. JAKARTA BARAT;TAMBORA;ANGKE;1
2025;9;KOTA ADM. JAKARTA BARAT;TAMBORA;KRENDANG;1
2025;9;KOTA ADM. JAKARTA SELATAN;CILANDAK;CILANDAK BARAT;1
2025;9;KOTA ADM. JAKARTA SELATAN;CILANDAK;GANDARIA SELATAN;3
2025;9;KOTA ADM. JAKARTA SELATAN;CILANDAK;PONDOK LABU;1
2025;9;KOTA ADM. JAKARTA SELATAN;JAGAKARSA;CIGANJUR;2
2025;9;KOTA ADM. JAKARTA SELATAN;JAGAKARSA;JAGAKARSA;1
2025;9;KOTA ADM. JAKARTA SELATAN;JAGAKARSA;LENTENG AGUNG;1
2025;9;KOTA ADM. JAKARTA SELATAN;JAGAKARSA;SRENGSENG SAWAH;1
2025;9;KOTA ADM. JAKARTA SELATAN;KEBAYORAN BARU;GANDARIA UTARA;2
2025;9;KOTA ADM. JAKARTA SELATAN;KEBAYORAN BARU;RAWA BARAT;1
2025;9;KOTA ADM. JAKARTA SELATAN;KEBAYORAN LAMA;CIPULIR;1
2025;9;KOTA ADM. JAKARTA SELATAN;KEBAYORAN LAMA;GROGOL SELATAN;1
2025;9;KOTA ADM. JAKARTA SELATAN;KEBAYORAN LAMA;GROGOL UTARA;1
2025;9;KOTA ADM. JAKARTA SELATAN;KEBAYORAN LAMA;KEBAYORAN LAMA SELATAN;1
2025;9;KOTA ADM. JAKARTA SELATAN;MAMPANG PRAPATAN;BANGKA;3
2025;9;KOTA ADM. JAKARTA SELATAN;MAMPANG PRAPATAN;TEGAL PARANG;1
2025;9;KOTA ADM. JAKARTA SELATAN;PANCORAN;CIKOKO;1
2025;9;KOTA ADM. JAKARTA SELATAN;PANCORAN;KALIBATA;1
2025;9;KOTA ADM. JAKARTA SELATAN;PANCORAN;PANCORAN;1
2025;9;KOTA ADM. JAKARTA SELATAN;PASAR MINGGU;CILANDAK TIMUR;2
2025;9;KOTA ADM. JAKARTA SELATAN;PASAR MINGGU;KEBAGUSAN;1
2025;9;KOTA ADM. JAKARTA SELATAN;PASAR MINGGU;PEJATEN BARAT;2
2025;9;KOTA ADM. JAKARTA SELATAN;PASAR MINGGU;RAGUNAN;1
2025;9;KOTA ADM. JAKARTA SELATAN;PESANGGRAHAN;PETUKANGAN UTARA;1
2025;9;KOTA ADM. JAKARTA SELATAN;PESANGGRAHAN;ULUJAMI;1
2025;9;KOTA ADM. JAKARTA SELATAN;SETIABUDI;KARET KUNINGAN;1
2025;9;KOTA ADM. JAKARTA SELATAN;SETIABUDI;MENTENG ATAS;1
2025;9;KOTA ADM. JAKARTA SELATAN;SETIABUDI;SETIA BUDI;1
2025;9;KOTA ADM. JAKARTA SELATAN;TEBET;MANGGARAI SELATAN;1
2025;9;KOTA ADM. JAKARTA TIMUR;CAKUNG;CAKUNG BARAT;1
2025;9;KOTA ADM. JAKARTA TIMUR;CAKUNG;CAKUNG TIMUR;1
2025;9;KOTA ADM. JAKARTA TIMUR;CAKUNG;JATINEGARA;5
2025;9;KOTA ADM. JAKARTA TIMUR;CAKUNG;PULO GEBANG;1
2025;9;KOTA ADM. JAKARTA TIMUR;CIPAYUNG;BAMBU APUS;1
2025;9;KOTA ADM. JAKARTA TIMUR;CIPAYUNG;PONDOK RANGGON;1
2025;9;KOTA ADM. JAKARTA TIMUR;CIRACAS;CIRACAS;1
2025;9;KOTA ADM. JAKARTA TIMUR;CIRACAS;KELAPA DUA WETAN;1
2025;9;KOTA ADM. JAKARTA TIMUR;DUREN SAWIT;DUREN SAWIT;2
2025;9;KOTA ADM. JAKARTA TIMUR;DUREN SAWIT;PONDOK KELAPA;3
2025;9;KOTA ADM. JAKARTA TIMUR;JATINEGARA;BIDARA CINA;1
2025;9;KOTA ADM. JAKARTA TIMUR;JATINEGARA;CIPINANG BESAR SELATAN;2
2025;9;KOTA ADM. JAKARTA TIMUR;JATINEGARA;CIPINANG MUARA;2
2025;9;KOTA ADM. JAKARTA TIMUR;KRAMATJATI;BATU AMPAR;1
2025;9;KOTA ADM. JAKARTA TIMUR;KRAMATJATI;TENGAH;1
2025;9;KOTA ADM. JAKARTA TIMUR;MAKASAR;KEBON PALA;1
2025;9;KOTA ADM. JAKARTA TIMUR;MATRAMAN;UTAN KAYU SELATAN;2
2025;9;KOTA ADM. JAKARTA TIMUR;MATRAMAN;UTAN KAYU UTARA;1
2025;9;KOTA ADM. JAKARTA TIMUR;PASAR REBO;KALISARI;1
2025;9;KOTA ADM. JAKARTA TIMUR;PULOGADUNG;JATI;1
2025;9;KOTA ADM. JAKARTA TIMUR;PULOGADUNG;JATINEGARA KAUM;1
2025;9;KOTA ADM. JAKARTA TIMUR;PULOGADUNG;KAYU PUTIH;2
2025;10;KOTA ADM. JAKARTA PUSAT;GAMBIR;GAMBIR;2
2025;10;KOTA ADM. JAKARTA PUSAT;CEMPAKA PUTIH;CEMPAKA PUTIH TIMUR;1
2025;10;KOTA ADM. JAKARTA PUSAT;JOHAR BARU;JOHAR BARU;1
2025;10;KOTA ADM. JAKARTA PUSAT;KEMAYORAN;SERDANG;2
2025;10;KOTA ADM. JAKARTA PUSAT;MENTENG;GONDANGDIA;1
2025;10;KOTA ADM. JAKARTA PUSAT;MENTENG;KEBON SIRIH;1
2025;10;KOTA ADM. JAKARTA PUSAT;MENTENG;MENTENG;1
2025;10;KOTA ADM. JAKARTA PUSAT;MENTENG;PEGANGSAAN;2
2025;10;KOTA ADM. JAKARTA PUSAT;SAWAH BESAR;KARTINI;1
2025;10;KOTA ADM. JAKARTA PUSAT;SAWAH BESAR;MANGGA DUA SELATAN;1
2025;10;KOTA ADM. JAKARTA PUSAT;SAWAH BESAR;PASAR BARU;1
2025;10;KOTA ADM. JAKARTA PUSAT;SENEN;KRAMAT;1
2025;10;KOTA ADM. JAKARTA PUSAT;TANAH ABANG;BENDUNGAN HILIR;2
2025;10;KOTA ADM. JAKARTA PUSAT;TANAH ABANG;GELORA;1
2025;10;KOTA ADM. JAKARTA PUSAT;TANAH ABANG;KAMPUNG BALI;1
2025;10;KOTA ADM. JAKARTA UTARA;CILINCING;MARUNDA;1
2025;10;KOTA ADM. JAKARTA UTARA;CILINCING;SEMPER BARAT;1
2025;10;KOTA ADM. JAKARTA UTARA;KELAPA GADING;KELAPA GADING BARAT;3
2025;10;KOTA ADM. JAKARTA UTARA;KELAPA GADING;PEGANGSAAN DUA;1
2025;10;KOTA ADM. JAKARTA UTARA;KEPULAUAN SERIBU UTARA;PULAU PANGGANG;1
2025;10;KOTA ADM. JAKARTA UTARA;KOJA;KOJA;1
2025;10;KOTA ADM. JAKARTA UTARA;KOJA;LAGOA;1
2025;10;KOTA ADM. JAKARTA UTARA;KOJA;RAWA BADAK UTARA;1
2025;10;KOTA ADM. JAKARTA UTARA;PADEMANGAN;ANCOL;1
2025;10;KOTA ADM. JAKARTA UTARA;PADEMANGAN;PADEMANGAN TIMUR;2
2025;10;KOTA ADM. JAKARTA UTARA;PENJARINGAN;KAMAL MUARA;2
2025;10;KOTA ADM. JAKARTA UTARA;PENJARINGAN;KAPUK MUARA;1
2025;10;KOTA ADM. JAKARTA UTARA;PENJARINGAN;PENJARINGAN;2
2025;10;KOTA ADM. JAKARTA UTARA;PENJARINGAN;PLUIT;1
2025;10;KOTA ADM. JAKARTA UTARA;TANJUNG PRIOK;PAPANGGO;2
2025;10;KOTA ADM. JAKARTA BARAT;CENGKARENG;CENGKARENG BARAT;3
2025;10;KOTA ADM. JAKARTA BARAT;CENGKARENG;CENGKARENG TIMUR;2
2025;10;KOTA ADM. JAKARTA BARAT;CENGKARENG;DURI KOSAMBI;1
2025;10;KOTA ADM. JAKARTA BARAT;CENGKARENG;KAPUK;4
2025;10;KOTA ADM. JAKARTA BARAT;CENGKARENG;RAWA BUAYA;3
2025;10;KOTA ADM. JAKARTA BARAT;GROGOL PETAMBURAN;JELAMBAR BARU;1
2025;10;KOTA ADM. JAKARTA BARAT;GROGOL PETAMBURAN;TANJUNG DUREN SELATAN;3
2025;10;KOTA ADM. JAKARTA BARAT;GROGOL PETAMBURAN;TANJUNG DUREN UTARA;2
2025;10;KOTA ADM. JAKARTA BARAT;GROGOL PETAMBURAN;TOMANG;1
2025;10;KOTA ADM. JAKARTA BARAT;KALIDERES;KALIDERES;1
2025;10;KOTA ADM. JAKARTA BARAT;KALIDERES;PEGADUNGAN;3
2025;10;KOTA ADM. JAKARTA BARAT;KALIDERES;SEMANAN;1
2025;10;KOTA ADM. JAKARTA BARAT;KALIDERES;TEGAL ALUR;2
2025;10;KOTA ADM. JAKARTA BARAT;KEBON JERUK;DURI KEPA;1
2025;10;KOTA ADM. JAKARTA BARAT;KEBON JERUK;KEBON JERUK;1
2025;10;KOTA ADM. JAKARTA BARAT;KEBON JERUK;KELAPA DUA;1
2025;10;KOTA ADM. JAKARTA BARAT;KEMBANGAN;JOGLO;1
2025;10;KOTA ADM. JAKARTA BARAT;KEMBANGAN;KEMBANGAN SELATAN;1
2025;10;KOTA ADM. JAKARTA BARAT;KEMBANGAN;SRENGSENG;2
2025;10;KOTA ADM. JAKARTA BARAT;PAL MERAH;JATIPULO;1
2025;10;KOTA ADM. JAKARTA BARAT;PAL MERAH;KEMANGGISAN;1
2025;10;KOTA ADM. JAKARTA BARAT;PAL MERAH;PALMERAH;1
2025;10;KOTA ADM. JAKARTA BARAT;TAMAN SARI;KEAGUNGAN;1
2025;10;KOTA ADM. JAKARTA BARAT;TAMAN SARI;MANGGA BESAR;1
2025;10;KOTA ADM. JAKARTA BARAT;TAMAN SARI;PINANGSIA;1
2025;10;KOTA ADM. JAKARTA BARAT;TAMBORA;ANGKE;3
2025;10;KOTA ADM. JAKARTA BARAT;TAMBORA;DURI SELATAN;1
2025;10;KOTA ADM. JAKARTA BARAT;TAMBORA;KALI ANYAR;1
2025;10;KOTA ADM. JAKARTA BARAT;TAMBORA;KRENDANG;1
2025;10;KOTA ADM. JAKARTA BARAT;TAMBORA;TANAH SEREAL;1
2025;10;KOTA ADM. JAKARTA SELATAN;CILANDAK;CILANDAK BARAT;3
2025;10;KOTA ADM. JAKARTA SELATAN;CILANDAK;GANDARIA SELATAN;1
2025;10;KOTA ADM. JAKARTA SELATAN;JAGAKARSA;CIGANJUR;1
2025;10;KOTA ADM. JAKARTA SELATAN;JAGAKARSA;JAGAKARSA;1
2025;10;KOTA ADM. JAKARTA SELATAN;JAGAKARSA;SRENGSENG SAWAH;1
2025;10;KOTA ADM. JAKARTA SELATAN;JAGAKARSA;TANJUNG BARAT;1
2025;10;KOTA ADM. JAKARTA SELATAN;KEBAYORAN BARU;KRAMAT PELA;2
2025;10;KOTA ADM. JAKARTA SELATAN;KEBAYORAN BARU;RAWA BARAT;2
2025;10;KOTA ADM. JAKARTA SELATAN;KEBAYORAN LAMA;KEBAYORAN LAMA SELATAN;2
2025;10;KOTA ADM. JAKARTA SELATAN;KEBAYORAN LAMA;PONDOK PINANG;1
2025;10;KOTA ADM. JAKARTA SELATAN;MAMPANG PRAPATAN;BANGKA;2
2025;10;KOTA ADM. JAKARTA SELATAN;PANCORAN;CIKOKO;1
2025;10;KOTA ADM. JAKARTA SELATAN;PANCORAN;PENGADEGAN;1
2025;10;KOTA ADM. JAKARTA SELATAN;PASAR MINGGU;JATI PADANG;1
2025;10;KOTA ADM. JAKARTA SELATAN;PASAR MINGGU;KEBAGUSAN;4
2025;10;KOTA ADM. JAKARTA SELATAN;PASAR MINGGU;RAGUNAN;1
2025;10;KOTA ADM. JAKARTA SELATAN;PESANGGRAHAN;BINTARO;1
2025;10;KOTA ADM. JAKARTA SELATAN;PESANGGRAHAN;PETUKANGAN UTARA;1
2025;10;KOTA ADM. JAKARTA SELATAN;SETIABUDI;KARET KUNINGAN;2
2025;10;KOTA ADM. JAKARTA SELATAN;SETIABUDI;KARET SEMANGGI;2
2025;10;KOTA ADM. JAKARTA SELATAN;SETIABUDI;SETIA BUDI;1
2025;10;KOTA ADM. JAKARTA SELATAN;TEBET;KEBON BARU;1
2025;10;KOTA ADM. JAKARTA SELATAN;TEBET;TEBET BARAT;2
2025;10;KOTA ADM. JAKARTA TIMUR;CAKUNG;CAKUNG BARAT;3
2025;10;KOTA ADM. JAKARTA TIMUR;CAKUNG;CAKUNG TIMUR;2
2025;10;KOTA ADM. JAKARTA TIMUR;CAKUNG;JATINEGARA;3
2025;10;KOTA ADM. JAKARTA TIMUR;CAKUNG;PENGGILINGAN;2
2025;10;KOTA ADM. JAKARTA TIMUR;CAKUNG;PULO GEBANG;2
2025;10;KOTA ADM. JAKARTA TIMUR;CIPAYUNG;CEGER;1
2025;10;KOTA ADM. JAKARTA TIMUR;CIPAYUNG;MUNJUL;1
2025;10;KOTA ADM. JAKARTA TIMUR;CIRACAS;CIRACAS;1
2025;10;KOTA ADM. JAKARTA TIMUR;CIRACAS;KELAPA DUA WETAN;1
2025;10;KOTA ADM. JAKARTA TIMUR;CIRACAS;RAMBUTAN;1
2025;10;KOTA ADM. JAKARTA TIMUR;DUREN SAWIT;DUREN SAWIT;1
2025;10;KOTA ADM. JAKARTA TIMUR;DUREN SAWIT;KLENDER;1
2025;10;KOTA ADM. JAKARTA TIMUR;DUREN SAWIT;PONDOK KELAPA;1
2025;10;KOTA ADM. JAKARTA TIMUR;JATINEGARA;CIPINANG BESAR SELATAN;1
2025;10;KOTA ADM. JAKARTA TIMUR;JATINEGARA;KAMPUNG MELAYU;1
2025;10;KOTA ADM. JAKARTA TIMUR;KRAMATJATI;BATU AMPAR;3
2025;10;KOTA ADM. JAKARTA TIMUR;KRAMATJATI;CILILITAN;1
2025;10;KOTA ADM. JAKARTA TIMUR;KRAMATJATI;DUKUH;2
2025;10;KOTA ADM. JAKARTA TIMUR;KRAMATJATI;KRAMATJATI;1
2025;10;KOTA ADM. JAKARTA TIMUR;MAKASAR;CIPINANG MELAYU;1
2025;10;KOTA ADM. JAKARTA TIMUR;MAKASAR;KEBON PALA;1
2025;10;KOTA ADM. JAKARTA TIMUR;MATRAMAN;PALMERIAM;2
2025;10;KOTA ADM. JAKARTA TIMUR;MATRAMAN;UTAN KAYU SELATAN;3
2025;10;KOTA ADM. JAKARTA TIMUR;MATRAMAN;UTAN KAYU UTARA;1
2025;11;KOTA ADM. JAKARTA PUSAT;GAMBIR;GAMBIR;1
2025;11;KOTA ADM. JAKARTA PUSAT;CEMPAKA PUTIH;RAWASARI;1
2025;11;KOTA ADM. JAKARTA PUSAT;KEMAYORAN;GUNUNG SAHARI SELATAN;1
2025;11;KOTA ADM. JAKARTA PUSAT;KEMAYORAN;KEMAYORAN;1
2025;11;KOTA ADM. JAKARTA PUSAT;SAWAH BESAR;KARANG ANYAR;2
2025;11;KOTA ADM. JAKARTA PUSAT;SAWAH BESAR;KARTINI;1
2025;11;KOTA ADM. JAKARTA PUSAT;SAWAH BESAR;MANGGA DUA SELATAN;1
2025;11;KOTA ADM. JAKARTA PUSAT;SAWAH BESAR;PASAR BARU;1
2025;11;KOTA ADM. JAKARTA PUSAT;SENEN;SENEN;1
2025;11;KOTA ADM. JAKARTA PUSAT;TANAH ABANG;BENDUNGAN HILIR;1
2025;11;KOTA ADM. JAKARTA PUSAT;TANAH ABANG;KAMPUNG BALI;1
2025;11;KOTA ADM. JAKARTA UTARA;CILINCING;SEMPER TIMUR;1
2025;11;KOTA ADM. JAKARTA UTARA;KELAPA GADING;KELAPA GADING BARAT;2
2025;11;KOTA ADM. JAKARTA UTARA;KEPULAUAN SERIBU SELATAN;PULAU TIDUNG;1
2025;11;KOTA ADM. JAKARTA UTARA;KEPULAUAN SERIBU UTARA;PULAU PANGGANG;1
2025;11;KOTA ADM. JAKARTA UTARA;KOJA;LAGOA;1
2025;11;KOTA ADM. JAKARTA UTARA;KOJA;TUGU SELATAN;1
2025;11;KOTA ADM. JAKARTA UTARA;KOJA;TUGU UTARA;2
2025;11;KOTA ADM. JAKARTA UTARA;PADEMANGAN;PADEMANGAN BARAT;1
2025;11;KOTA ADM. JAKARTA UTARA;PENJARINGAN;KAPUK MUARA;1
2025;11;KOTA ADM. JAKARTA UTARA;PENJARINGAN;PENJARINGAN;1
2025;11;KOTA ADM. JAKARTA UTARA;PENJARINGAN;PLUIT;2
2025;11;KOTA ADM. JAKARTA UTARA;TANJUNG PRIOK;SUNGAI BAMBU;1
2025;11;KOTA ADM. JAKARTA UTARA;TANJUNG PRIOK;TANJUNG PRIOK;1
2025;11;KOTA ADM. JAKARTA BARAT;CENGKARENG;CENGKARENG BARAT;1
2025;11;KOTA ADM. JAKARTA BARAT;CENGKARENG;CENGKARENG TIMUR;2
2025;11;KOTA ADM. JAKARTA BARAT;CENGKARENG;DURI KOSAMBI;1
2025;11;KOTA ADM. JAKARTA BARAT;CENGKARENG;KAPUK;2
2025;11;KOTA ADM. JAKARTA BARAT;CENGKARENG;KEDAUNG KALI ANGKE;1
2025;11;KOTA ADM. JAKARTA BARAT;GROGOL PETAMBURAN;JELAMBAR BARU;4
2025;11;KOTA ADM. JAKARTA BARAT;GROGOL PETAMBURAN;TANJUNG DUREN UTARA;1
2025;11;KOTA ADM. JAKARTA BARAT;KALIDERES;PEGADUNGAN;3
2025;11;KOTA ADM. JAKARTA BARAT;KALIDERES;SEMANAN;1
2025;11;KOTA ADM. JAKARTA BARAT;KEBON JERUK;DURI KEPA;1
2025;11;KOTA ADM. JAKARTA BARAT;KEMBANGAN;JOGLO;2
2025;11;KOTA ADM. JAKARTA BARAT;KEMBANGAN;KEMBANGAN SELATAN;2
2025;11;KOTA ADM. JAKARTA BARAT;PAL MERAH;JATIPULO;1
2025;11;KOTA ADM. JAKARTA BARAT;PAL MERAH;KEMANGGISAN;2
2025;11;KOTA ADM. JAKARTA BARAT;PAL MERAH;SLIPI;1
2025;11;KOTA ADM. JAKARTA BARAT;TAMAN SARI;KRUKUT;1
2025;11;KOTA ADM. JAKARTA BARAT;TAMAN SARI;PINANGSIA;1
2025;11;KOTA ADM. JAKARTA BARAT;TAMBORA;DURI SELATAN;1
2025;11;KOTA ADM. JAKARTA BARAT;TAMBORA;TANAH SEREAL;2
2025;11;KOTA ADM. JAKARTA SELATAN;CILANDAK;CIPETE SELATAN;1
2025;11;KOTA ADM. JAKARTA SELATAN;CILANDAK;GANDARIA SELATAN;1
2025;11;KOTA ADM. JAKARTA SELATAN;CILANDAK;LEBAK BULUS;1
2025;11;KOTA ADM. JAKARTA SELATAN;KEBAYORAN BARU;CIPETE UTARA;1
2025;11;KOTA ADM. JAKARTA SELATAN;KEBAYORAN BARU;SELONG;1
2025;11;KOTA ADM. JAKARTA SELATAN;KEBAYORAN LAMA;CIPULIR;1
2025;11;KOTA ADM. JAKARTA SELATAN;KEBAYORAN LAMA;GROGOL UTARA;1
2025;11;KOTA ADM. JAKARTA SELATAN;KEBAYORAN LAMA;KEBAYORAN LAMA SELATAN;1
2025;11;KOTA ADM. JAKARTA SELATAN;KEBAYORAN LAMA;PONDOK PINANG;2
2025;11;KOTA ADM. JAKARTA SELATAN;MAMPANG PRAPATAN;KUNINGAN BARAT;1
2025;11;KOTA ADM. JAKARTA SELATAN;MAMPANG PRAPATAN;PELA MAMPANG;1
2025;11;KOTA ADM. JAKARTA SELATAN;PANCORAN;DUREN TIGA;1
2025;11;KOTA ADM. JAKARTA SELATAN;PASAR MINGGU;JATI PADANG;1
2025;11;KOTA ADM. JAKARTA SELATAN;PESANGGRAHAN;BINTARO;1
2025;11;KOTA ADM. JAKARTA SELATAN;SETIABUDI;KARET SEMANGGI;1
2025;2;KOTA ADM. JAKARTA SELATAN;KEBAYORAN LAMA;PONDOK PINANG;2
2025;2;KOTA ADM. JAKARTA SELATAN;MAMPANG PRAPATAN;KUNINGAN BARAT;1
2025;2;KOTA ADM. JAKARTA SELATAN;PANCORAN;KALIBATA;1
2025;2;KOTA ADM. JAKARTA SELATAN;PASAR MINGGU;KEBAGUSAN;1
2025;2;KOTA ADM. JAKARTA SELATAN;PASAR MINGGU;PASAR MINGGU;1
2025;2;KOTA ADM. JAKARTA SELATAN;PASAR MINGGU;PEJATEN BARAT;1
2025;2;KOTA ADM. JAKARTA SELATAN;PASAR MINGGU;RAGUNAN;2
2025;2;KOTA ADM. JAKARTA SELATAN;PESANGGRAHAN;PESANGGRAHAN;1
2025;2;KOTA ADM. JAKARTA SELATAN;PESANGGRAHAN;PETUKANGAN UTARA;1
2025;2;KOTA ADM. JAKARTA SELATAN;SETIABUDI;KARET KUNINGAN;1
2025;2;KOTA ADM. JAKARTA SELATAN;SETIABUDI;KUNINGAN TIMUR;1
2025;2;KOTA ADM. JAKARTA SELATAN;SETIABUDI;SETIA BUDI;1
2025;2;KOTA ADM. JAKARTA SELATAN;TEBET;BUKIT DURI;1
2025;2;KOTA ADM. JAKARTA SELATAN;TEBET;MANGGARAI SELATAN;2
2025;2;KOTA ADM. JAKARTA SELATAN;TEBET;MENTENG DALAM;2
2025;2;KOTA ADM. JAKARTA SELATAN;TEBET;TEBET BARAT;1
2025;2;KOTA ADM. JAKARTA BARAT;CENGKARENG;DURI KOSAMBI;1
2025;2;KOTA ADM. JAKARTA BARAT;CENGKARENG;KAPUK;2
2025;2;KOTA ADM. JAKARTA BARAT;CENGKARENG;KEDAUNG KALI ANGKE;1
2025;2;KOTA ADM. JAKARTA BARAT;CENGKARENG;RAWA BUAYA;3
2025;2;KOTA ADM. JAKARTA BARAT;GROGOL PETAMBURAN;JELAMBAR;2
2025;2;KOTA ADM. JAKARTA BARAT;GROGOL PETAMBURAN;TANJUNG DUREN UTARA;1
2025;2;KOTA ADM. JAKARTA BARAT;KALIDERES;KALIDERES;1
2025;2;KOTA ADM. JAKARTA BARAT;KALIDERES;KAMAL;1
2025;2;KOTA ADM. JAKARTA BARAT;KALIDERES;PEGADUNGAN;2
2025;2;KOTA ADM. JAKARTA BARAT;KALIDERES;SEMANAN;1
2025;2;KOTA ADM. JAKARTA BARAT;KEBON JERUK;KEDOYA SELATAN;1
2025;2;KOTA ADM. JAKARTA BARAT;KEBON JERUK;KEDOYA UTARA;4
2025;2;KOTA ADM. JAKARTA BARAT;KEMBANGAN;KEMBANGAN UTARA;1
2025;2;KOTA ADM. JAKARTA BARAT;KEMBANGAN;MERUYA SELATAN;1
2025;2;KOTA ADM. JAKARTA BARAT;KEMBANGAN;MERUYA UTARA;3
2025;2;KOTA ADM. JAKARTA BARAT;KEMBANGAN;SRENGSENG;1
2025;2;KOTA ADM. JAKARTA BARAT;PAL MERAH;KEMANGGISAN;3
2025;2;KOTA ADM. JAKARTA BARAT;PAL MERAH;KOTA BAMBU UTARA;1
2025;2;KOTA ADM. JAKARTA BARAT;PAL MERAH;PALMERAH;1
2025;2;KOTA ADM. JAKARTA BARAT;TAMAN SARI;KEAGUNGAN;1
2025;2;KOTA ADM. JAKARTA BARAT;TAMAN SARI;PINANGSIA;1
2025;2;KOTA ADM. JAKARTA BARAT;TAMAN SARI;TAMAN SARI;1
2025;2;KOTA ADM. JAKARTA BARAT;TAMAN SARI;TANGKI;3
2025;2;KOTA ADM. JAKARTA BARAT;TAMBORA;DURI SELATAN;1
2025;2;KOTA ADM. JAKARTA BARAT;TAMBORA;KRENDANG;1
2025;2;KOTA ADM. JAKARTA SELATAN;CILANDAK;CILANDAK BARAT;2
2025;2;KOTA ADM. JAKARTA SELATAN;CILANDAK;CIPETE SELATAN;3
2025;2;KOTA ADM. JAKARTA SELATAN;CILANDAK;LEBAK BULUS;2
2025;2;KOTA ADM. JAKARTA SELATAN;CILANDAK;PONDOK LABU;1
2025;2;KOTA ADM. JAKARTA SELATAN;JAGAKARSA;TANJUNG BARAT;2
2025;2;KOTA ADM. JAKARTA SELATAN;KEBAYORAN BARU;CIPETE UTARA;1
2025;2;KOTA ADM. JAKARTA SELATAN;KEBAYORAN BARU;GUNUNG;1
2025;2;KOTA ADM. JAKARTA SELATAN;KEBAYORAN BARU;MELAWAI;2
2025;2;KOTA ADM. JAKARTA SELATAN;KEBAYORAN BARU;RAWA BARAT;1
2025;2;KOTA ADM. JAKARTA SELATAN;KEBAYORAN BARU;SELONG;1
2025;2;KOTA ADM. JAKARTA SELATAN;KEBAYORAN LAMA;CIPULIR;2
2025;2;KOTA ADM. JAKARTA SELATAN;KEBAYORAN LAMA;GROGOL UTARA;1
2025;4;KOTA ADM. JAKARTA TIMUR;JATINEGARA;BIDARA CINA;1
2025;4;KOTA ADM. JAKARTA TIMUR;JATINEGARA;RAWA BUNGA;1
2025;4;KOTA ADM. JAKARTA TIMUR;KRAMATJATI;BATU AMPAR;2
2025;4;KOTA ADM. JAKARTA TIMUR;KRAMATJATI;CAWANG;1
2025;4;KOTA ADM. JAKARTA TIMUR;KRAMATJATI;CILILITAN;1
2025;4;KOTA ADM. JAKARTA TIMUR;MAKASAR;CIPINANG MELAYU;1
2025;4;KOTA ADM. JAKARTA TIMUR;MATRAMAN;KEBON MANGGIS;1
2025;4;KOTA ADM. JAKARTA TIMUR;PASAR REBO;GEDONG;1
2025;4;KOTA ADM. JAKARTA TIMUR;PULOGADUNG;JATI;1
2025;4;KOTA ADM. JAKARTA TIMUR;PULOGADUNG;JATINEGARA KAUM;1
2025;4;KOTA ADM. JAKARTA TIMUR;PULOGADUNG;KAYU PUTIH;2
2025;5;KOTA ADM. JAKARTA PUSAT;GAMBIR;CIDENG;4
2025;5;KOTA ADM. JAKARTA PUSAT;GAMBIR;GAMBIR;1
2025;5;KOTA ADM. JAKARTA PUSAT;JOHAR BARU;JOHAR BARU;1
2025;5;KOTA ADM. JAKARTA PUSAT;JOHAR BARU;KAMPUNG RAWA;1
2025;5;KOTA ADM. JAKARTA PUSAT;KEMAYORAN;CEMPAKA BARU;2
2025;5;KOTA ADM. JAKARTA PUSAT;KEMAYORAN;GUNUNG SAHARI SELATAN;1
2025;5;KOTA ADM. JAKARTA PUSAT;KEMAYORAN;KEBON KOSONG;2
2025;5;KOTA ADM. JAKARTA PUSAT;KEMAYORAN;SUMUR BATU;1
2025;5;KOTA ADM. JAKARTA PUSAT;KEMAYORAN;UTAN PANJANG;1
2025;5;KOTA ADM. JAKARTA PUSAT;MENTENG;GONDANGDIA;1
2025;5;KOTA ADM. JAKARTA PUSAT;MENTENG;KEBON SIRIH;2
2025;5;KOTA ADM. JAKARTA PUSAT;MENTENG;MENTENG;1
2025;5;KOTA ADM. JAKARTA PUSAT;SAWAH BESAR;GUNUNG SAHARI UTARA;1
2025;5;KOTA ADM. JAKARTA PUSAT;SAWAH BESAR;MANGGA DUA SELATAN;1
2025;5;KOTA ADM. JAKARTA PUSAT;SENEN;KRAMAT;4
2025;5;KOTA ADM. JAKARTA PUSAT;SENEN;KWITANG;2
2025;5;KOTA ADM. JAKARTA PUSAT;SENEN;SENEN;1
2025;5;KOTA ADM. JAKARTA PUSAT;TANAH ABANG;KEBON KACANG;1
2025;5;KOTA ADM. JAKARTA PUSAT;TANAH ABANG;KEBON MELATI;1
2025;5;KOTA ADM. JAKARTA UTARA;CILINCING;CILINCING;1
2025;5;KOTA ADM. JAKARTA UTARA;CILINCING;KALIBARU;1
2025;5;KOTA ADM. JAKARTA UTARA;CILINCING;MARUNDA;1
2025;5;KOTA ADM. JAKARTA UTARA;CILINCING;SEMPER BARAT;1
2025;5;KOTA ADM. JAKARTA UTARA;CILINCING;SUKAPURA;1
2025;5;KOTA ADM. JAKARTA UTARA;KELAPA GADING;PEGANGSAAN DUA;1
2025;5;KOTA ADM. JAKARTA UTARA;KEPULAUAN SERIBU UTARA;PULAU HARAPAN;2
2025;5;KOTA ADM. JAKARTA UTARA;KOJA;TUGU SELATAN;3
2025;5;KOTA ADM. JAKARTA UTARA;PADEMANGAN;PADEMANGAN BARAT;1
2025;5;KOTA ADM. JAKARTA UTARA;PENJARINGAN;KAPUK MUARA;2
2025;5;KOTA ADM. JAKARTA UTARA;PENJARINGAN;PLUIT;1
2025;5;KOTA ADM. JAKARTA UTARA;TANJUNG PRIOK;TANJUNG PRIOK;1
2025;5;KOTA ADM. JAKARTA BARAT;CENGKARENG;CENGKARENG BARAT;1
2025;5;KOTA ADM. JAKARTA BARAT;CENGKARENG;DURI KOSAMBI;1
2025;5;KOTA ADM. JAKARTA BARAT;CENGKARENG;KAPUK;2
2025;5;KOTA ADM. JAKARTA BARAT;CENGKARENG;KEDAUNG KALI ANGKE;1
2025;5;KOTA ADM. JAKARTA BARAT;GROGOL PETAMBURAN;JELAMBAR BARU;2
2025;5;KOTA ADM. JAKARTA BARAT;GROGOL PETAMBURAN;TANJUNG DUREN SELATAN;2
2025;5;KOTA ADM. JAKARTA BARAT;KALIDERES;KAMAL;2
2025;5;KOTA ADM. JAKARTA BARAT;KALIDERES;PEGADUNGAN;2
2025;5;KOTA ADM. JAKARTA BARAT;KEBON JERUK;KEBON JERUK;1
2025;5;KOTA ADM. JAKARTA BARAT;KEBON JERUK;KEDOYA SELATAN;2
2025;5;KOTA ADM. JAKARTA BARAT;KEBON JERUK;SUKABUMI SELATAN;3
2025;5;KOTA ADM. JAKARTA BARAT;KEMBANGAN;KEMBANGAN SELATAN;1
2025;5;KOTA ADM. JAKARTA BARAT;KEMBANGAN;KEMBANGAN UTARA;1
2025;5;KOTA ADM. JAKARTA BARAT;KEMBANGAN;MERUYA SELATAN;3
2025;5;KOTA ADM. JAKARTA BARAT;KEMBANGAN;MERUYA UTARA;1
2025;5;KOTA ADM. JAKARTA BARAT;KEMBANGAN;SRENGSENG;1
2025;5;KOTA ADM. JAKARTA BARAT;PAL MERAH;KEMANGGISAN;1
2025;5;KOTA ADM. JAKARTA BARAT;PAL MERAH;KOTA BAMBU SELATAN;1
2025;5;KOTA ADM. JAKARTA BARAT;PAL MERAH;KOTA BAMBU UTARA;1
2025;5;KOTA ADM. JAKARTA BARAT;TAMAN SARI;PINANGSIA;2
2025;5;KOTA ADM. JAKARTA BARAT;TAMAN SARI;TANGKI;1
2025;5;KOTA ADM. JAKARTA BARAT;TAMBORA;JEMBATAN BESI;1
2025;5;KOTA ADM. JAKARTA BARAT;TAMBORA;KALI ANYAR;1
2025;5;KOTA ADM. JAKARTA BARAT;TAMBORA;KRENDANG;1
2025;5;KOTA ADM. JAKARTA BARAT;TAMBORA;ROA MALAKA;1
2025;5;KOTA ADM. JAKARTA BARAT;TAMBORA;TANAH SEREAL;3
2025;5;KOTA ADM. JAKARTA SELATAN;CILANDAK;CILANDAK BARAT;1
2025;5;KOTA ADM. JAKARTA SELATAN;JAGAKARSA;CIPEDAK;1
2025;5;KOTA ADM. JAKARTA SELATAN;JAGAKARSA;TANJUNG BARAT;1
2025;5;KOTA ADM. JAKARTA SELATAN;KEBAYORAN BARU;GUNUNG;1
2025;5;KOTA ADM. JAKARTA SELATAN;KEBAYORAN BARU;MELAWAI;1
2025;5;KOTA ADM. JAKARTA SELATAN;KEBAYORAN BARU;PETOGOGAN;1
2025;5;KOTA ADM. JAKARTA SELATAN;KEBAYORAN BARU;PULO;1
2025;5;KOTA ADM. JAKARTA SELATAN;KEBAYORAN BARU;SELONG;1
2025;5;KOTA ADM. JAKARTA SELATAN;KEBAYORAN LAMA;PONDOK PINANG;1
2025;5;KOTA ADM. JAKARTA SELATAN;MAMPANG PRAPATAN;BANGKA;2
2025;5;KOTA ADM. JAKARTA SELATAN;PANCORAN;KALIBATA;2
2025;5;KOTA ADM. JAKARTA SELATAN;PANCORAN;PENGADEGAN;1
2025;5;KOTA ADM. JAKARTA SELATAN;PANCORAN;RAWAJATI;1
2025;5;KOTA ADM. JAKARTA SELATAN;PASAR MINGGU;KEBAGUSAN;1
2025;5;KOTA ADM. JAKARTA SELATAN;PESANGGRAHAN;PETUKANGAN SELATAN;1
2025;5;KOTA ADM. JAKARTA SELATAN;SETIABUDI;GUNTUR;1
2025;5;KOTA ADM. JAKARTA SELATAN;SETIABUDI;KARET KUNINGAN;1
2025;5;KOTA ADM. JAKARTA SELATAN;SETIABUDI;KARET SEMANGGI;1
2025;5;KOTA ADM. JAKARTA SELATAN;SETIABUDI;PASAR MANGGIS;1
2025;5;KOTA ADM. JAKARTA SELATAN;TEBET;BUKIT DURI;2
2025;5;KOTA ADM. JAKARTA SELATAN;TEBET;MANGGARAI SELATAN;1
2025;5;KOTA ADM. JAKARTA TIMUR;CAKUNG;JATINEGARA;1
2025;5;KOTA ADM. JAKARTA TIMUR;CAKUNG;PENGGILINGAN;1
2025;3;KOTA ADM. JAKARTA TIMUR;DUREN SAWIT;MALAKA SARI;1
2025;3;KOTA ADM. JAKARTA TIMUR;DUREN SAWIT;PONDOK KELAPA;1
2025;3;KOTA ADM. JAKARTA TIMUR;JATINEGARA;CIPINANG MUARA;1
2025;3;KOTA ADM. JAKARTA TIMUR;KRAMATJATI;BATU AMPAR;1
2025;3;KOTA ADM. JAKARTA TIMUR;MAKASAR;CIPINANG MELAYU;1
2025;3;KOTA ADM. JAKARTA TIMUR;MAKASAR;HALIM PERDANA KUSUMA;1
2025;3;KOTA ADM. JAKARTA TIMUR;MAKASAR;KEBON PALA;2
2025;3;KOTA ADM. JAKARTA TIMUR;MAKASAR;MAKASAR;1
2025;3;KOTA ADM. JAKARTA TIMUR;MATRAMAN;KEBON MANGGIS;1
2025;3;KOTA ADM. JAKARTA TIMUR;MATRAMAN;UTAN KAYU SELATAN;1
2025;3;KOTA ADM. JAKARTA TIMUR;PULOGADUNG;PISANGAN TIMUR;1
2025;3;KOTA ADM. JAKARTA TIMUR;PULOGADUNG;PULO GADUNG;1
2025;3;KOTA ADM. JAKARTA TIMUR;PULOGADUNG;RAWAMANGUN;1
2025;4;KOTA ADM. JAKARTA PUSAT;GAMBIR;KEBON KELAPA;1
2025;4;KOTA ADM. JAKARTA PUSAT;GAMBIR;PETOJO SELATAN;1
2025;4;KOTA ADM. JAKARTA PUSAT;GAMBIR;PETOJO UTARA;1
2025;4;KOTA ADM. JAKARTA PUSAT;CEMPAKA PUTIH;CEMPAKA PUTIH BARAT;1
2025;4;KOTA ADM. JAKARTA PUSAT;CEMPAKA PUTIH;CEMPAKA PUTIH TIMUR;1
2025;4;KOTA ADM. JAKARTA PUSAT;JOHAR BARU;KAMPUNG RAWA;1
2025;4;KOTA ADM. JAKARTA PUSAT;KEMAYORAN;KEBON KOSONG;1
2025;4;KOTA ADM. JAKARTA PUSAT;KEMAYORAN;KEMAYORAN;2
2025;4;KOTA ADM. JAKARTA PUSAT;MENTENG;CIKINI;2
2025;4;KOTA ADM. JAKARTA PUSAT;MENTENG;MENTENG;1
2025;4;KOTA ADM. JAKARTA PUSAT;MENTENG;PEGANGSAAN;1
2025;4;KOTA ADM. JAKARTA PUSAT;SENEN;BUNGUR;1
2025;4;KOTA ADM. JAKARTA PUSAT;TANAH ABANG;KAMPUNG BALI;3
2025;4;KOTA ADM. JAKARTA PUSAT;TANAH ABANG;PETAMBURAN;1
2025;4;KOTA ADM. JAKARTA UTARA;CILINCING;CILINCING;1
2025;4;KOTA ADM. JAKARTA UTARA;CILINCING;SEMPER BARAT;2
2025;4;KOTA ADM. JAKARTA UTARA;KELAPA GADING;PEGANGSAAN DUA;1
2025;4;KOTA ADM. JAKARTA UTARA;KEPULAUAN SERIBU UTARA;PULAU PANGGANG;1
2025;4;KOTA ADM. JAKARTA UTARA;KOJA;RAWA BADAK UTARA;1
2025;4;KOTA ADM. JAKARTA UTARA;KOJA;TUGU UTARA;1
2025;4;KOTA ADM. JAKARTA UTARA;PADEMANGAN;PADEMANGAN BARAT;1
2025;4;KOTA ADM. JAKARTA UTARA;PENJARINGAN;PEJAGALAN;3
2025;4;KOTA ADM. JAKARTA UTARA;PENJARINGAN;PENJARINGAN;1
2025;4;KOTA ADM. JAKARTA UTARA;TANJUNG PRIOK;PAPANGGO;1
2025;4;KOTA ADM. JAKARTA UTARA;TANJUNG PRIOK;SUNGAI BAMBU;1
2025;4;KOTA ADM. JAKARTA UTARA;TANJUNG PRIOK;SUNTER AGUNG;1
2025;4;KOTA ADM. JAKARTA UTARA;TANJUNG PRIOK;TANJUNG PRIOK;1
2025;4;KOTA ADM. JAKARTA BARAT;CENGKARENG;CENGKARENG BARAT;2
2025;4;KOTA ADM. JAKARTA BARAT;CENGKARENG;CENGKARENG TIMUR;1
2025;4;KOTA ADM. JAKARTA BARAT;CENGKARENG;DURI KOSAMBI;2
2025;4;KOTA ADM. JAKARTA BARAT;CENGKARENG;KAPUK;3
2025;4;KOTA ADM. JAKARTA BARAT;CENGKARENG;RAWA BUAYA;2
2025;4;KOTA ADM. JAKARTA BARAT;KALIDERES;KALIDERES;1
2025;4;KOTA ADM. JAKARTA BARAT;KALIDERES;KAMAL;1
2025;4;KOTA ADM. JAKARTA BARAT;KALIDERES;PEGADUNGAN;3
2025;4;KOTA ADM. JAKARTA BARAT;KALIDERES;SEMANAN;1
2025;4;KOTA ADM. JAKARTA BARAT;KEBON JERUK;DURI KEPA;5
2025;4;KOTA ADM. JAKARTA BARAT;KEBON JERUK;KEBON JERUK;3
2025;4;KOTA ADM. JAKARTA BARAT;KEBON JERUK;KEDOYA SELATAN;2
2025;4;KOTA ADM. JAKARTA BARAT;KEBON JERUK;SUKABUMI UTARA;1
2025;4;KOTA ADM. JAKARTA BARAT;KEMBANGAN;KEMBANGAN SELATAN;1
2025;4;KOTA ADM. JAKARTA BARAT;KEMBANGAN;MERUYA SELATAN;1
2025;4;KOTA ADM. JAKARTA BARAT;KEMBANGAN;MERUYA UTARA;1
2025;4;KOTA ADM. JAKARTA BARAT;KEMBANGAN;SRENGSENG;1
2025;4;KOTA ADM. JAKARTA BARAT;PAL MERAH;JATIPULO;1
2025;4;KOTA ADM. JAKARTA BARAT;PAL MERAH;KEMANGGISAN;1
2025;4;KOTA ADM. JAKARTA BARAT;TAMAN SARI;PINANGSIA;1
2025;4;KOTA ADM. JAKARTA BARAT;TAMAN SARI;TAMAN SARI;1
2025;4;KOTA ADM. JAKARTA BARAT;TAMAN SARI;TANGKI;5
2025;4;KOTA ADM. JAKARTA BARAT;TAMBORA;DURI SELATAN;1
2025;4;KOTA ADM. JAKARTA BARAT;TAMBORA;KRENDANG;1
2025;4;KOTA ADM. JAKARTA SELATAN;CILANDAK;CIPETE SELATAN;1
2025;4;KOTA ADM. JAKARTA SELATAN;CILANDAK;GANDARIA SELATAN;1
2025;4;KOTA ADM. JAKARTA SELATAN;CILANDAK;LEBAK BULUS;1
2025;4;KOTA ADM. JAKARTA SELATAN;CILANDAK;PONDOK LABU;1
2025;4;KOTA ADM. JAKARTA SELATAN;JAGAKARSA;CIGANJUR;2
2025;4;KOTA ADM. JAKARTA SELATAN;JAGAKARSA;JAGAKARSA;1
2025;4;KOTA ADM. JAKARTA SELATAN;JAGAKARSA;SRENGSENG SAWAH;1
2025;4;KOTA ADM. JAKARTA SELATAN;KEBAYORAN BARU;CIPETE UTARA;1
2025;4;KOTA ADM. JAKARTA SELATAN;KEBAYORAN LAMA;CIPULIR;1
2025;4;KOTA ADM. JAKARTA SELATAN;KEBAYORAN LAMA;GROGOL SELATAN;1
2025;4;KOTA ADM. JAKARTA SELATAN;KEBAYORAN LAMA;KEBAYORAN LAMA SELATAN;1
2025;4;KOTA ADM. JAKARTA SELATAN;KEBAYORAN LAMA;PONDOK PINANG;1
2025;4;KOTA ADM. JAKARTA SELATAN;MAMPANG PRAPATAN;KUNINGAN BARAT;1
2025;4;KOTA ADM. JAKARTA SELATAN;MAMPANG PRAPATAN;MAMPANG PRAPATAN;1
2025;4;KOTA ADM. JAKARTA SELATAN;PANCORAN;CIKOKO;1
2025;4;KOTA ADM. JAKARTA SELATAN;PANCORAN;DUREN TIGA;1
2025;4;KOTA ADM. JAKARTA SELATAN;PANCORAN;KALIBATA;1
2025;4;KOTA ADM. JAKARTA SELATAN;PASAR MINGGU;CILANDAK TIMUR;1
2025;4;KOTA ADM. JAKARTA SELATAN;PASAR MINGGU;KEBAGUSAN;1
2025;4;KOTA ADM. JAKARTA SELATAN;PASAR MINGGU;PASAR MINGGU;1
2025;4;KOTA ADM. JAKARTA SELATAN;PASAR MINGGU;RAGUNAN;1
2025;4;KOTA ADM. JAKARTA SELATAN;PESANGGRAHAN;BINTARO;1
2025;4;KOTA ADM. JAKARTA SELATAN;PESANGGRAHAN;PESANGGRAHAN;1
2025;4;KOTA ADM. JAKARTA SELATAN;PESANGGRAHAN;PETUKANGAN UTARA;1
2025;4;KOTA ADM. JAKARTA SELATAN;PESANGGRAHAN;ULUJAMI;1
2025;4;KOTA ADM. JAKARTA SELATAN;SETIABUDI;KUNINGAN TIMUR;1
2025;4;KOTA ADM. JAKARTA SELATAN;TEBET;BUKIT DURI;2
2025;4;KOTA ADM. JAKARTA SELATAN;TEBET;KEBON BARU;2
2025;4;KOTA ADM. JAKARTA SELATAN;TEBET;MANGGARAI SELATAN;1
2025;4;KOTA ADM. JAKARTA SELATAN;TEBET;MENTENG DALAM;1
2025;4;KOTA ADM. JAKARTA SELATAN;TEBET;TEBET BARAT;2
2025;4;KOTA ADM. JAKARTA SELATAN;TEBET;TEBET TIMUR;1
2025;4;KOTA ADM. JAKARTA TIMUR;CAKUNG;CAKUNG TIMUR;1
2025;4;KOTA ADM. JAKARTA TIMUR;CAKUNG;PENGGILINGAN;2
2025;1;KOTA ADM. JAKARTA PUSAT;GAMBIR;PETOJO SELATAN;1
2025;1;KOTA ADM. JAKARTA PUSAT;GAMBIR;PETOJO UTARA;2
2025;1;KOTA ADM. JAKARTA PUSAT;CEMPAKA PUTIH;CEMPAKA PUTIH TIMUR;1
2025;1;KOTA ADM. JAKARTA PUSAT;JOHAR BARU;JOHAR BARU;1
2025;1;KOTA ADM. JAKARTA PUSAT;KEMAYORAN;CEMPAKA BARU;2
2025;1;KOTA ADM. JAKARTA PUSAT;KEMAYORAN;GUNUNG SAHARI SELATAN;1
2025;1;KOTA ADM. JAKARTA PUSAT;KEMAYORAN;HARAPAN MULIA;1
2025;1;KOTA ADM. JAKARTA PUSAT;KEMAYORAN;KEBON KOSONG;4
2025;1;KOTA ADM. JAKARTA PUSAT;KEMAYORAN;KEMAYORAN;1
2025;1;KOTA ADM. JAKARTA PUSAT;KEMAYORAN;UTAN PANJANG;1
2025;1;KOTA ADM. JAKARTA PUSAT;MENTENG;CIKINI;1
2025;1;KOTA ADM. JAKARTA PUSAT;MENTENG;MENTENG;1
2025;1;KOTA ADM. JAKARTA PUSAT;MENTENG;PEGANGSAAN;1
2025;1;KOTA ADM. JAKARTA PUSAT;SAWAH BESAR;KARTINI;1
2025;1;KOTA ADM. JAKARTA PUSAT;SAWAH BESAR;MANGGA DUA SELATAN;2
2025;1;KOTA ADM. JAKARTA PUSAT;SENEN;KRAMAT;1
2025;1;KOTA ADM. JAKARTA PUSAT;SENEN;KWITANG;1
2025;1;KOTA ADM. JAKARTA PUSAT;SENEN;SENEN;1
2025;1;KOTA ADM. JAKARTA PUSAT;TANAH ABANG;BENDUNGAN HILIR;2
2025;1;KOTA ADM. JAKARTA PUSAT;TANAH ABANG;GELORA;1
2025;1;KOTA ADM. JAKARTA UTARA;CILINCING;CILINCING;1
2025;1;KOTA ADM. JAKARTA UTARA;CILINCING;SEMPER TIMUR;1
2025;1;KOTA ADM. JAKARTA UTARA;KELAPA GADING;KELAPA GADING TIMUR;1
2025;1;KOTA ADM. JAKARTA UTARA;KOJA;KOJA;1
2025;1;KOTA ADM. JAKARTA UTARA;KOJA;RAWA BADAK SELATAN;1
2025;1;KOTA ADM. JAKARTA UTARA;PADEMANGAN;ANCOL;1
2025;1;KOTA ADM. JAKARTA UTARA;PADEMANGAN;PADEMANGAN BARAT;1
2025;1;KOTA ADM. JAKARTA UTARA;PENJARINGAN;KAPUK MUARA;1
2025;1;KOTA ADM. JAKARTA UTARA;PENJARINGAN;PENJARINGAN;3
2025;1;KOTA ADM. JAKARTA UTARA;PENJARINGAN;PLUIT;1
2025;1;KOTA ADM. JAKARTA UTARA;TANJUNG PRIOK;TANJUNG PRIOK;2
2025;1;KOTA ADM. JAKARTA BARAT;CENGKARENG;CENGKARENG BARAT;1
2025;1;KOTA ADM. JAKARTA BARAT;CENGKARENG;DURI KOSAMBI;1
2025;1;KOTA ADM. JAKARTA BARAT;CENGKARENG;KAPUK;1
2025;1;KOTA ADM. JAKARTA BARAT;GROGOL PETAMBURAN;JELAMBAR BARU;2
2025;1;KOTA ADM. JAKARTA BARAT;GROGOL PETAMBURAN;TOMANG;1
2025;1;KOTA ADM. JAKARTA BARAT;KALIDERES;KALIDERES;2
2025;1;KOTA ADM. JAKARTA BARAT;KALIDERES;KAMAL;1
2025;1;KOTA ADM. JAKARTA BARAT;KALIDERES;PEGADUNGAN;2
2025;1;KOTA ADM. JAKARTA BARAT;KALIDERES;SEMANAN;1
2025;1;KOTA ADM. JAKARTA BARAT;KALIDERES;TEGAL ALUR;2
2025;1;KOTA ADM. JAKARTA BARAT;KEBON JERUK;KEDOYA SELATAN;2
2025;1;KOTA ADM. JAKARTA BARAT;KEMBANGAN;KEMBANGAN SELATAN;2
2025;1;KOTA ADM. JAKARTA BARAT;KEMBANGAN;KEMBANGAN UTARA;1
2025;1;KOTA ADM. JAKARTA BARAT;KEMBANGAN;MERUYA UTARA;2
2025;1;KOTA ADM. JAKARTA BARAT;KEMBANGAN;SRENGSENG;1
2025;1;KOTA ADM. JAKARTA BARAT;PAL MERAH;KEMANGGISAN;2
2025;1;KOTA ADM. JAKARTA BARAT;TAMAN SARI;MANGGA BESAR;1
2025;1;KOTA ADM. JAKARTA BARAT;TAMAN SARI;PINANGSIA;1
2025;1;KOTA ADM. JAKARTA BARAT;TAMBORA;JEMBATAN BESI;1
2025;1;KOTA ADM. JAKARTA BARAT;TAMBORA;KALI ANYAR;1
2025;1;KOTA ADM. JAKARTA BARAT;TAMBORA;ROA MALAKA;2
2025;1;KOTA ADM. JAKARTA BARAT;TAMBORA;TAMBORA;1
2025;1;KOTA ADM. JAKARTA BARAT;TAMBORA;TANAH SEREAL;1
2025;1;KOTA ADM. JAKARTA SELATAN;CILANDAK;CILANDAK BARAT;3
2025;1;KOTA ADM. JAKARTA SELATAN;CILANDAK;CIPETE SELATAN;3
2025;1;KOTA ADM. JAKARTA SELATAN;JAGAKARSA;CIGANJUR;2
2025;1;KOTA ADM. JAKARTA SELATAN;JAGAKARSA;CIPEDAK;2
2025;1;KOTA ADM. JAKARTA SELATAN;JAGAKARSA;JAGAKARSA;1
2025;1;KOTA ADM. JAKARTA SELATAN;KEBAYORAN BARU;CIPETE UTARA;1
2025;1;KOTA ADM. JAKARTA SELATAN;KEBAYORAN BARU;GANDARIA UTARA;1
2025;1;KOTA ADM. JAKARTA SELATAN;KEBAYORAN BARU;MELAWAI;1
2025;1;KOTA ADM. JAKARTA SELATAN;KEBAYORAN LAMA;GROGOL SELATAN;3
2025;1;KOTA ADM. JAKARTA SELATAN;KEBAYORAN LAMA;KEBAYORAN LAMA SELATAN;2
2025;1;KOTA ADM. JAKARTA SELATAN;MAMPANG PRAPATAN;BANGKA;3
2025;1;KOTA ADM. JAKARTA SELATAN;MAMPANG PRAPATAN;KUNINGAN BARAT;1
2025;1;KOTA ADM. JAKARTA SELATAN;MAMPANG PRAPATAN;PELA MAMPANG;2
2025;1;KOTA ADM. JAKARTA SELATAN;PANCORAN;KALIBATA;1
2025;1;KOTA ADM. JAKARTA SELATAN;PANCORAN;PENGADEGAN;1
2025;1;KOTA ADM. JAKARTA SELATAN;PASAR MINGGU;CILANDAK TIMUR;2
2025;1;KOTA ADM. JAKARTA SELATAN;PASAR MINGGU;KEBAGUSAN;1
2025;1;KOTA ADM. JAKARTA SELATAN;PASAR MINGGU;PEJATEN BARAT;1
2025;1;KOTA ADM. JAKARTA SELATAN;PASAR MINGGU;RAGUNAN;1
2025;1;KOTA ADM. JAKARTA SELATAN;PESANGGRAHAN;PETUKANGAN UTARA;1
2025;1;KOTA ADM. JAKARTA SELATAN;SETIABUDI;KARET KUNINGAN;1
2025;1;KOTA ADM. JAKARTA SELATAN;TEBET;BUKIT DURI;2
2025;1;KOTA ADM. JAKARTA SELATAN;TEBET;MANGGARAI SELATAN;2
2025;1;KOTA ADM. JAKARTA SELATAN;TEBET;MENTENG DALAM;1
2025;1;KOTA ADM. JAKARTA TIMUR;CAKUNG;CAKUNG BARAT;2
2025;1;KOTA ADM. JAKARTA TIMUR;CAKUNG;CAKUNG TIMUR;1
2025;1;KOTA ADM. JAKARTA TIMUR;CAKUNG;JATINEGARA;2
2025;1;KOTA ADM. JAKARTA TIMUR;CAKUNG;PULO GEBANG;2
2025;1;KOTA ADM. JAKARTA TIMUR;CAKUNG;UJUNG MENTENG;1
2025;1;KOTA ADM. JAKARTA TIMUR;CIPAYUNG;MUNJUL;1
2025;1;KOTA ADM. JAKARTA TIMUR;CIPAYUNG;PONDOK RANGGON;1
2025;1;KOTA ADM. JAKARTA TIMUR;CIPAYUNG;SETU;1
2025;1;KOTA ADM. JAKARTA TIMUR;CIRACAS;CIBUBUR;2
2025;1;KOTA ADM. JAKARTA TIMUR;CIRACAS;KELAPA DUA WETAN;1
2025;1;KOTA ADM. JAKARTA TIMUR;CIRACAS;RAMBUTAN;1
2025;1;KOTA ADM. JAKARTA TIMUR;CIRACAS;SUSUKAN;2
2025;1;KOTA ADM. JAKARTA TIMUR;DUREN SAWIT;PONDOK KELAPA;2
2025;1;KOTA ADM. JAKARTA TIMUR;DUREN SAWIT;PONDOK KOPI;1
2025;1;KOTA ADM. JAKARTA TIMUR;JATINEGARA;CIPINANG BESAR SELATAN;2
2025;1;KOTA ADM. JAKARTA TIMUR;JATINEGARA;CIPINANG BESAR UTARA;1
2025;1;KOTA ADM. JAKARTA TIMUR;JATINEGARA;CIPINANG MUARA;4
2025;1;KOTA ADM. JAKARTA TIMUR;KRAMATJATI;BALEKAMBANG;1
2025;1;KOTA ADM. JAKARTA TIMUR;KRAMATJATI;CILILITAN;1
2025;1;KOTA ADM. JAKARTA TIMUR;KRAMATJATI;DUKUH;1
2025;1;KOTA ADM. JAKARTA TIMUR;KRAMATJATI;KRAMATJATI;1
2025;1;KOTA ADM. JAKARTA TIMUR;MAKASAR;PINANGRANTI;1
2025;1;KOTA ADM. JAKARTA TIMUR;PASAR REBO;GEDONG;1
2025;1;KOTA ADM. JAKARTA TIMUR;PASAR REBO;KALISARI;1
2025;1;KOTA ADM. JAKARTA TIMUR;PASAR REBO;PEKAYON;2
2025;1;KOTA ADM. JAKARTA TIMUR;PULOGADUNG;KAYU PUTIH;2
2025;1;KOTA ADM. JAKARTA TIMUR;PULOGADUNG;PULO GADUNG;1
2025;1;KOTA ADM. JAKARTA TIMUR;PULOGADUNG;RAWAMANGUN;2
2025;2;KOTA ADM. JAKARTA PUSAT;JOHAR BARU;KAMPUNG RAWA;2
2025;2;KOTA ADM. JAKARTA PUSAT;KEMAYORAN;GUNUNG SAHARI SELATAN;1
2025;2;KOTA ADM. JAKARTA PUSAT;KEMAYORAN;KEBON KOSONG;1
2025;2;KOTA ADM. JAKARTA PUSAT;KEMAYORAN;KEMAYORAN;1
2025;2;KOTA ADM. JAKARTA PUSAT;MENTENG;MENTENG;1
2025;2;KOTA ADM. JAKARTA PUSAT;SENEN;KRAMAT;1
2025;2;KOTA ADM. JAKARTA PUSAT;SENEN;SENEN;1
2025;2;KOTA ADM. JAKARTA PUSAT;TANAH ABANG;BENDUNGAN HILIR;1
2025;2;KOTA ADM. JAKARTA PUSAT;TANAH ABANG;GELORA;2
2025;2;KOTA ADM. JAKARTA PUSAT;TANAH ABANG;KAMPUNG BALI;1
2025;2;KOTA ADM. JAKARTA PUSAT;TANAH ABANG;KEBON KACANG;1
2025;2;KOTA ADM. JAKARTA UTARA;CILINCING;ROROTAN;1
2025;2;KOTA ADM. JAKARTA UTARA;KELAPA GADING;PEGANGSAAN DUA;1
2025;2;KOTA ADM. JAKARTA UTARA;KOJA;RAWA BADAK UTARA;1
2025;2;KOTA ADM. JAKARTA UTARA;KOJA;TUGU SELATAN;1
2025;2;KOTA ADM. JAKARTA UTARA;PADEMANGAN;ANCOL;1
2025;2;KOTA ADM. JAKARTA UTARA;PADEMANGAN;PADEMANGAN TIMUR;1
2025;2;KOTA ADM. JAKARTA UTARA;PENJARINGAN;KAMAL MUARA;2
2025;2;KOTA ADM. JAKARTA UTARA;PENJARINGAN;KAPUK MUARA;1
2025;2;KOTA ADM. JAKARTA UTARA;PENJARINGAN;PENJARINGAN;1
2025;2;KOTA ADM. JAKARTA UTARA;TANJUNG PRIOK;SUNTER AGUNG;1
2025;2;KOTA ADM. JAKARTA UTARA;TANJUNG PRIOK;SUNTER JAYA;1
2025;2;KOTA ADM. JAKARTA BARAT;CENGKARENG;CENGKARENG BARAT;2
2025;2;KOTA ADM. JAKARTA BARAT;CENGKARENG;CENGKARENG TIMUR;1
